time,tau_h,r_react,theta_m,theta_act,V_cmd,Kp,Kr,Kd
0.0,0.0,0.0006280000000000001,1.5700000000000002e-06,0.0,0.005021488000000006,7.996,7.996000000000009,0.49975
0.005,0.0,0.0018520976000000002,7.6093190000000005e-06,5.272562400000006e-06,0.014233100278585101,7.992001999999954,7.992002000000076,0.4995001249907595
0.01,0.0,0.00364150864192,2.21294544073e-05,2.5320894467594368e-05,0.02688430195968044,7.988005999000257,7.988005998999811,0.4992503749762514
0.015,0.0,0.005966535924830464,5.0058592449927917e-05,7.29551945500868e-05,0.042300508950770394,7.984011996007021,7.984011995996013,0.499000750606761
0.02,0.0,0.008798538614855541,9.706601674430707e-05,0.00016347834971324425,0.05987824608631594,7.980019990049731,7.980019989973841,0.4987512547403481
0.025,0.0,0.01210990233948748,0.00016940478941610622,0.00031397239614405423,0.0790803773892981,7.9760299802249195,7.976029979887015,0.498501895430401
0.03,0.0,0.015874009956016233,0.0002737711977372258,0.0005426775046455198,0.09943143854192898,7.972041965782043,7.972041964621001,0.4982526906078704
0.035,0.0,0.020065212983753734,0.0004171795696912747,0.0008684556248885388,0.12051309636330634,7.9680559462688265,7.968055942932703,0.4980036745244652
0.04,0.0,0.024658803689717356,0.0006068511647499839,0.0013103313075592407,0.14195975534477123,7.964071921752413,7.964071913360333,0.4977549058252792
0.045,0.0,0.029630987817431023,0.0008501159419345248,0.0018871026177123564,0.1634543271064181,7.960089893129912,7.9600898740978066,0.4975064769504893
0.05,0.0,0.03495885794850506,0.001154326096417038,0.002617015450836804,0.1847241750064912,7.956109862537899,7.9561098228291804,0.497258524438812
0.055,0.0,0.04062036748666659,0.0015267803389269236,0.0035174949614164286,0.20553724303209786,7.952131833865363,7.952131756520076,0.49701123962488936
0.06,0.0,0.04659430525393072,0.00197465796947333,0.004604928208865679,0.2256983754758353,7.948155813369201,7.948155671164751,0.49676487918755796
0.065,0.0,0.052860270688628495,0.002504961868762984,0.0058944925149838085,0.2450458316936765,7.944181810385878,7.94418156148925,0.4965197750112661
0.07,0.0,0.059398649635040476,0.003124469597539366,0.0074000244083692115,0.26344799837187277,7.940209838127722,7.9402094206128515,0.4962763428618577
0.075,0.0,0.06619059071442383,0.003839691856230321,0.009133924402862079,0.2808003001317883,7.9362399145478575,7.936239239671714,0.4960350894427643
0.08,0.0,0.07321798226726647,0.0046568376150797714,0.011107093217669827,0.2970223079053118,7.932272063254047,7.932271007410154,0.49579661748044485
0.085,0.0,0.08046342985665317,0.00558178527864821,0.013328895395263565,0.3120550432651802,7.928306314448996,7.928304709746305,0.4955616285813
0.09,0.0,0.08791023432268522,0.006620059298469897,0.015807146608493864,0.3258584757536792,7.924342705872906,7.924340329319946,0.49533092369971343
0.095,0.0,0.0955423703779575,0.0077768116940081355,0.018548121269881493,0.33840920919392087,7.920381283723305,7.920377845031113,0.49510540115282664
0.1,0.0,0.10334446573416381,0.009056807985092938,0.021556577363025266,0.3496983519779019,7.916422103527364,7.9164172315785555,0.49488605220776116
0.105,0.0,0.11130178074997248,0.010464417078981459,0.02483579570796058,0.35972956540374207,7.9124652309429395,7.912458459007391,0.4946739543479889
0.11,0.0,0.11940018859039073,0.012003604692259652,0.028387631148614645,0.3685172832881098,7.908510742466342,7.908501492275224,0.4944702623951861
0.115,0.0,0.12762615588791576,0.013677929922199164,0.03221257341084826,0.37608509532122825,7.904558726027224,7.904546290845756,0.4942761977198849
0.12,0.0,0.1359667238958542,0.015490544614078864,0.03630981562366458,0.3824642859755517,7.9006092814538045,7.900592808318409,0.49409303581804037
0.125,0.0,0.14440949012427906,0.017444195200546096,0.04067732872383446,0.3876925202393032,7.896662520794863,7.896640992101814,0.4939220925613971
0.13,0.0,0.15294259044918324,0.019541226716488197,0.04531194017539517,0.39181266703421663,7.892718568488315,7.892690783138184,0.4937647094479
0.135,0.0,0.16155468168548284,0.021783588718258574,0.05020941563031929,0.39487175090084276,7.888777561369664,7.888742115684655,0.4936222381853669
0.14,0.0,0.1702349246146191,0.024172842859592814,0.05536454233535897,0.3969200223977889,7.884839648517102,7.884794917156626,0.4934960249384815
0.145,0.0,0.17897296745760682,0.026710171898288664,0.06077121325301981,0.3980101376615399,7.880904990933373,7.880849108037037,0.49338739455730063
0.15,0.0,0.18775892978447908,0.029396389927830405,0.06642251101231424,0.3981964377046374,7.8769737610676644,7.876904601854419,0.49329763508636204
0.155,0.0,0.19658338685118015,0.03223195364672635,0.07231079093801315,0.3975343182813522,7.873046142183722,7.872961305231396,0.49322798282861957
0.16,0.0,0.20543735435506522,0.03521697449550354,0.07842776252628883,0.39607968150766826,7.869122327582963,7.869019118004205,0.49317960820922374
0.165,0.0,0.214312273600272,0.038351231507164935,0.08476456884074332,0.3938884608699069,7.86520251969365,7.865077933412784,0.49315360265193686
0.17,0.0,0.2231999970643382,0.04163418473155313,0.09131186339673295,0.3910162117756658,7.861286929039084,7.861137638359888,0.49315096664691993
0.17500000000000002,0.0,0.23209277435754966,0.04506498910756749,0.09805988418456756,0.3875177603732587,7.85737577309934,7.857198113736823,0.493172599153818
0.18,0.0,0.24098323856661447,0.048642508669628035,0.10499852455454399,0.38344690397296244,7.853469275082232,7.853259234812487,0.4932192884494237
0.185,0.0,0.24986439297437274,0.052365330986244386,0.11211740074983428,0.37885615702747744,7.849567662620008,7.849320871681668,0.4932917044954935
0.19,0.0,0.2587295981473636,0.0562317817391019,0.11940591592794438,0.37379653725374784,7.845671166408782,7.8453828897678575,0.4933903928701702
0.195,0.0,0.2675725593831871,0.060239939360783874,0.12685332055871248,0.36831738708929906,7.841780018807823,7.841445150375309,0.49351577027643856
0.2,0.0,0.2763873145097128,0.06438764965816998,0.13444876912750825,0.3624662262611553,7.837894452415705,7.8375075112845645,0.49366812161350154
0.20500000000000002,0.0,0.2851682220283045,0.0686725403567428,0.14218137310724832,0.3562886317941746,7.8340146986399075,7.833569827385358,0.49384759857219923
0.21,0.0,0.29390994959334393,0.07309203550854985,0.1500402501928216,0.3498281422905929,7.830140986275774,7.829631951340516,0.4940542196937816
0.215,0.0,0.3026074628204567,0.07764336971345596,0.15801456981720738,0.34312618376821624,7.826273540109924,7.8256937342743305,0.4942878718126018
0.22,0.0,0.31125601441595746,0.08232360210962772,0.1660935949905882,0.33622201474783575,7.8224125795621315,7.821755026478833,0.49454831278763994
0.225,0.0,0.31985113362015044,0.08712963009495861,0.1742667205226474,0.32915268862973757,7.818558317378543,7.817815678131382,0.494835175415169
0.23,0.0,0.3283886159572377,0.0920582027464121,0.18252350770446535,0.32195303169511735,7.814710958387804,7.813875540017121,0.4951479724052441
0.23500000000000001,0.0,0.33686451328470474,0.09710593390906598,0.19085371554038588,0.31465563531282525,7.81087069833029,7.809934464250036,0.4954861022979005
0.24,0.0,0.3452751241351707,0.10226931493101973,0.19924732863224365,0.3072908611283044,7.807037722769247,7.805992304986568,0.4958488561908203
0.245,0.0,0.35361698434380523,0.10754472702431007,0.20769458182869208,0.2998868581641294,7.803212206091165,7.802048919126088,0.496235425148565
0.25,0.0,0.36188685795453296,0.11292845323559694,0.2161859817612667,0.292469590875048,7.799394310601289,7.798104166992845,0.49664490816406126
0.255,0.0,0.3700817283983607,0.11841669001366203,0.22471232539642108,0.28506287728029334,7.795584185718762,7.7941579129944545,0.49707632054562206
0.26,0.0,0.37819878993727835,0.12400555836372965,0.2332647157392131,0.2776884363476658,7.7917819672744795,7.790210026252395,0.497528602607149
0.265,0.0,0.3862354393673003,0.12969111458129942,0.24183457482968365,0.270365943833184,7.787987776913451,7.786260381200447,0.49800062854503024
0.27,0.0,0.39418926797432735,0.1354693605605948,0.25041365417732947,0.2631130957922937,7.784201721602212,7.78230885814751,0.4984912153923805
0.275,0.0,0.40205805373662357,0.1413362536749007,0.25899404278246513,0.25594567897883613,7.780423893240658,7.778355343801706,0.4989991319494073
0.28,0.0,0.4098397537678157,0.14728771622800832,0.267568172895734,0.24887764734088724,7.776654368376634,7.774399731753169,0.499523107597597
0.28500000000000003,0.0,0.4175324969944339,0.15331964447772123,0.2761288236685805,0.24192120381226756,7.772893208020641,7.770441922913447,0.5000618409148628
0.29,0.0,0.42513457706212565,0.15942791723392385,0.28466912284816015,0.23508688658850307,7.769140457557181,7.766481825909879,0.500614008018573
0.295,0.0,0.43264444546478315,0.16560840403508337,0.29318254666995225,0.22838365906922453,7.765396146748503,7.762519357433832,0.501178270573278
0.3,0.0,0.4400607048909359,0.17185697290826657,0.30166291810027857,0.22181900264763343,7.7616602898259295,7.758554442542092,0.501753283409811
0.305,0.0,0.4473821027818683,0.17816949771881546,0.31010440357904295,0.2153990115333716,7.757932885663365,7.754587014911164,0.502337701712077
0.31,0.0,0.4546075250960286,0.1845418651167525,0.318501508410323,0.20912848880899348,7.75421391802724,7.750617017044619,0.5029301877371437
0.315,0.0,0.46173599027440404,0.19096998108778995,0.3268490709450099,0.20301104294271177,7.750503355896779,7.746644400434021,0.5035294170430797
0.32,0.0,0.4687666434016412,0.19744977711750827,0.33514225569555,0.1970491840112053,7.746801153848317,7.742669125674281,0.5041340842072638
0.325,0.0,0.4756987505577952,0.20397721597785548,0.343376545518047,0.19124441892570176,7.743107252497237,7.738691162534636,0.5047429080255319
0.33,0.0,0.48253169335569523,0.21054829714561257,0.351547732991605,0.18559734500150515,7.739421578991081,7.734710489986684,0.5053546361894917
0.335,0.0,0.48926496365901573,0.21715906186287748,0.35965191111888706,0.1801077412646933,7.73574404754742,7.730727096191191,0.5059680494455729
0.34,0.0,0.49589815847624297,0.2238055978499493,0.3676854634655176,0.17477465694868954,7.732074560030167,7.7267409784455605,0.5065819652448867
0.34500000000000003,0.0,0.5024309750258279,0.23048404368125364,0.3756450538492348,0.16959649669652221,7.728413006558207,7.722752143094056,0.5071952408977322
0.35000000000000003,0.0,0.5088632059679129,0.23719059283514418,0.3835276156826852,0.16457110205051395,7.724759266140398,7.7187606054029985,0.5078067762506224
0.355,0.0,0.5151947347981193,0.24392149742855312,0.39133034106652653,0.15969582887851197,7.7211132073312925,7.714766389403268,0.5084155159070397
0.36,0.0,0.5214255313989768,0.2506730716475472,0.3990506697221382,0.1549676204533561,7.71747468890219,7.710769527702542,0.5090204510157857
0.365,0.0,0.5275556477446723,0.2574416948848847,0.40668627784581357,0.15038307596876577,7.713843560522488,7.7067700612697285,0.5096206206528311
0.37,0.0,0.5335852137548873,0.26422381459566346,0.41423506695889234,0.1459385143392934,7.710219663446604,7.7027680391941,0.5102151128240138
0.375,0.0,0.5395144332935877,0.27101594888210917,0.42169515282095316,0.1416300331932988,7.706602831202125,7.698763518421632,0.5108030651168598
0.38,0.0,0.5453435803087182,0.2778146888184768,0.4290648544659879,0.13745356302538658,7.702992890275192,7.694756563471035,0.5113836650302396
0.385,0.0,0.5510729951088452,0.2846167005269336,0.43634268341447596,0.1334049165277411,7.6993896607894925,7.690747246131924,0.511956150010597
0.39,0.0,0.5567030807728788,0.2914187270151596,0.4435273331075191,0.12947983316774558,7.695792957175608,7.686735645147524,0.5125198072231447
0.395,0.0,0.5622342996890923,0.2982175897862478,0.4506176686027263,0.12567401912197995,7.692202588827812,7.682721845884246,0.5130739730857617
0.4,0.0,0.567667170219744,0.30501019023131093,0.4576127165653902,0.12198318271385,7.688618360745763,7.678705939990353,0.5136180325924168
0.405,0.0,0.5730022634876872,0.31179351081500867,0.4645116555827003,0.11840306553370361,7.685040074158878,7.674688025045899,0.5141514184518123
0.41000000000000003,0.0,0.5782402002814432,0.3185646160640027,0.471313806823316,0.11492946944647842,7.681467527131496,7.67066820420597,0.5146736100656563
0.41500000000000004,0.0,0.5833816480752861,0.3253206533681256,0.47801862505958875,0.11155827971269305,7.67790051514722,7.666646585839173,0.5151841323695525
0.42,0.0,0.5884273181609767,0.3320588536038183,0.48462569006508727,0.10828548446439756,7.67433883167115,7.662623283163203,0.5156825545580049
0.425,0.0,0.5933779628878539,0.33877653158915183,0.4911346983958472,0.10510719078867481,7.67078226868895,7.658598413879209,0.516168488713479
0.43,0.0,0.598234373008077,0.3454710863794993,0.4975454555599344,0.10201963767795164,7.6672306172219535,7.6545720998065265,0.5166415883578954
0.435,0.0,0.6029973751238825,0.352140001412673,0.5038578685764744,0.09901920610903214,7.663683667817746,7.650544466519283,0.5171015469433613
0.44,0.0,0.6076678292337987,0.35878084451208214,0.5100719389222488,0.0961024265118946,7.66014121101584,7.646515642986199,0.5175480962974051
0.445,0.0,0.612246626374832,0.3653912677562072,0.5161877558612786,0.09326598388533758,7.656603037788282,7.642485761214849,0.5179810050364808
0.45,0.0,0.6167346863577137,0.3719690072224236,0.5222054901504921,0.09050672080992406,7.65306893995516,7.638454955901479,0.5184000769600678
0.455,0.0,0.6211329555923651,0.37851188261294316,0.5281253881125868,0.08782163859980585,7.649538710575153,7.634423364087413,0.5188051494363197
0.46,0.0,0.6254424050008102,0.38501779677038045,0.5339477660655261,0.08520789682432894,7.646012144311386,7.6303911248229275,0.5191960917889186
0.465,0.0,0.6296640280148323,0.39148473509018517,0.5396730050967392,0.08266281141820342,7.642489037772959,7.626358378839415,0.5195728036935812
0.47000000000000003,0.0,0.6337988386557415,0.3979107648369233,0.5453015461689911,0.08018385158578378,7.638969189832641,7.622325268230508,0.5199352135915335
0.47500000000000003,0.0,0.6378478696936806,0.4042940343711295,0.5508338855440423,0.07776863569111392,7.635452401921256,7.618291936142792,0.5202832771262312
0.48,0.0,0.6418121708839678,0.41063277229319717,0.5562705705095989,0.07541492631090652,7.631938478299427,7.6142585264766,0.520616975608653
0.485,0.0,0.6456928072780335,0.4169252865105202,0.5616121953946359,0.07312062461306912,7.6284272263073145,7.610225183597334,0.5209363145156246
0.49,0.0,0.6494908576065734,0.42316996323385103,0.5668593978579511,0.07088376420878051,7.624918456593122,7.606192052057659,0.5212413220248507
0.495,0.0,0.6532074127326012,0.42936526590859564,0.5720128554347363,0.06870250461178751,7.621411983321097,7.602159276330849,0.5215320475896286
0.5,0.0,0.6568435741721415,0.43550973408652466,0.577073282326028,0.06657512442458868,7.617907624359837,7.598127000555496,0.5218085605555871
0.505,0.0,0.660400452680367,0.4416019822431454,0.5820414264160995,0.06450001435775743,7.6144052014517,7.594095368291724,0.5220709488212449
0.51,0.0,0.6638791669010369,0.4476406985457488,0.5869180665031598,0.062475670175797915,7.610904540364134,7.590064522289013,0.5223193175436853
0.515,0.0,0.6672808420771525,0.45362464357692034,0.5917040097291145,0.060500685650815345,7.6074054710237515,7.586034604265658,0.5225537878902237
0.52,0.0,0.6706066088208007,0.45955264901808446,0.5964000891946107,0.05857374559392525,7.603907827633967,7.582005754699858,0.5227744958365675
0.525,0.0,0.6738576019402097,0.46542361629743745,0.6010071617461114,0.05669361902374653,7.600411448777011,7.577978112632383,0.5229815910116531
0.53,0.0,0.6770349593220961,0.4712365152064168,0.6055261059223114,0.0548591525215949,7.596916177501118,7.573951815480727,0.5231752355890646
0.535,0.0,0.6801398208674305,0.4769903824886507,0.6099578200478118,0.0530692638140553,7.593421861393684,7.569926998864612,0.523355603224717
0.54,0.0,0.6831733274788043,0.48268432040513665,0.6143032204625948,0.05132293561554169,7.5899283526411585,7.565903796442704,0.5235228780402819
0.545,0.0,0.6861366200976263,0.4883174952792052,0.6185632398764802,0.04961920975608203,7.586435508076431,7.561882339760336,0.5236772536516819
0.55,0.0,0.6890308387894292,0.49388913602464246,0.6227388258383946,0.04795718161312207,7.5829431892144346,7.557862758108034,0.5238189322418436
0.555,0.0,0.6918571218756103,0.49939853266016343,0.6268309393109233,0.046335994860251806,7.579451262276676,7.553845178390625,0.523948123676792
0.56,0.0,0.6946166051099819,0.5048450348132568,0.6308405533412608,0.044754836540721654,7.575959598205388,7.5498297250066635,0.5240650446640908
0.5650000000000001,0.0,0.697310420898547,0.5102280502162542,0.6347686518202936,0.04321293246915919,7.572468072667949,7.545816519737926,0.5241699179525627
0.5700000000000001,0.0,0.699939697560965,0.5155470431973135,0.6386162283221661,0.04170954296102364,7.568976566052217,7.5418056816486825,0.5242629715721797
0.5750000000000001,0.0,0.7025055586322133,0.5208015331688541,0.6423842850172627,0.040243958886156395,7.565484963453378,7.537797326994473,0.5243444381129766
0.58,0.0,0.7050091222029934,0.525991093115826,0.646073831652112,0.038815498039921015,7.561993154652907,7.533791569140074,0.5244145540418226
0.585,0.0,0.7074515002974721,0.5311153480860549,0.6496858845902561,0.03742350182327647,7.558501034090186,7.529788518486373,0.5244735590558697
0.59,0.0,0.7098337982869889,0.5361739736847632,0.6532214659086473,0.03606733222114572,7.555008500827334,7.525788282405822,0.5245216954714952
0.595,0.0,0.7121571143384002,0.5411666945752347,0.6566816025446162,0.03474636906710865,7.551515458507732,7.521790965186169,0.5245592076475585
0.6,0.0,0.7144225388957703,0.5460932829874604,0.6600673254889227,0.03346000758121204,7.548021815308763,7.517796667982157,0.5245863414417992
0.605,0.0,0.7166311541941552,0.5509535572364803,0.6633796690208245,0.032207656166946985,7.544527483889202,7.513805488774865,0.5246033436992176
0.61,0.0,0.7187840338042656,0.5557473802520178,0.6666196699815041,0.030988734452833067,7.541032381331719,7.509817522338379,0.5246104617712952
0.615,0.0,0.7208822422068271,0.5604746581208885,0.6697883670825694,0.02980267156377181,7.537536429080897,7.505832860213491,0.5246079430649297
0.62,0.0,0.722926834395495,0.5651353386435586,0.6728868002466876,0.02864890460716074,7.534039552877182,7.5018515906881005,0.5245960346199823
0.625,0.0,0.7249188555072131,0.5697294099061209,0.6759160099777333,0.02752687735885384,7.53054168268712,7.497873798784011,0.524574982714355
0.63,0.0,0.7268593404789396,0.5742568988688589,0.6788770367581257,0.02643603913418241,7.527042752630259,7.493899566249831,0.5245450324955416
0.635,0.0,0.7287493137296966,0.5787178699724752,0.6817709204712975,0.025375843829607336,7.523542700903054,7.48992897155966,0.5245064276376172
0.64,0.0,0.730589788866932,0.583112423762966,0.6845986998474832,0.02434574912097709,7.520041469700076,7.485962089917281,0.5244594100226567
0.645,0.0,0.732381768416212,0.587440695536041,0.6873614119312392,0.02334521580479737,7.516539005132861,7.481998993265557,0.5244042194455973
0.65,0.0,0.7341262435732951,0.5917028540019015,0.6900600915693058,0.022373707269521537,7.513035257146653,7.478039750300748,0.5243410933415843
0.655,0.0,0.7358241939776654,0.5958990999711153,0.6926957709176054,0.02143068908443624,7.509530179435343,7.4740844264914825,0.5242702665348619
0.66,0.0,0.737476587506635,0.6000296650622466,0.6952694789663306,0.02051562869433604,7.506023729354838,7.4701330841020965,0.5241919710082975
0.665,0.0,0.7390843800891509,0.6040948104318321,0.6977822410822233,0.019627995208827687,7.502515867835112,7.466185782220076,0.5241064356926486
0.67,0.0,0.7406485155384697,0.6080948255272256,0.7002350785672709,0.018767259275775994,7.499006559291169,7.462242576787354,0.524013886274706
0.675,0.0,0.7421699254028917,0.6120300268627689,0.7026290082331622,0.01793289302904022,7.495495771533126,7.458303520635203,0.5239145450234702
0.68,0.0,0.7436495288337703,0.6159007568196854,0.7049650419909422,0.017124370101309044,7.491983475675618,7.454368663522476,0.523808630633538
0.685,0.0,0.745088232470038,0.6197073824700361,0.7072441864553918,0.016341165693511517,7.488469646046728,7.4504380521769615,0.5236963580849003
0.6900000000000001,0.0,0.7464869303385162,0.623450294425023,0.709467442563734,0.01558275669288478,7.484954260096605,7.446511730339625,0.5235779385183741
0.6950000000000001,0.0,0.7478465037692997,0.6271299057078719,0.7116358052083313,0.014848621832386277,7.481437298305941,7.44258973881151,0.5234535791259086
0.7000000000000001,0.0,0.7491678213255286,0.63074665065148,0.7137502628830932,0.014138241884782576,7.477918744094478,7.438672115503078,0.5233234830550327
0.705,0.0,0.7504517387468856,0.6343009838209658,0.7158117973433581,0.013451099885221002,7.47439858372967,7.434758895485792,0.5231878493267257
0.71,0.0,0.7516990989061774,0.637793378961216,0.717821383279051,0.01278668137674116,7.4708768062356565,7.430850111045729,0.5230468727660164
0.715,0.0,0.7529107317783795,0.6412243279694841,0.7197799880009504,0.012144474673599026,7.46735340330267,7.426945791739036,0.5229007439446355
0.72,0.0,0.7540874544215489,0.6445943398930556,0.7216885711399204,0.011523971137831907,7.463828369196987,7.423045964449041,0.5227496491350654
0.725,0.0,0.7552300709690225,0.6479039399519598,0.723548084358981,0.010924665464908029,7.460301700671558,7.419150653444833,0.5225937702753499
0.73,0.0,0.7563393726323473,0.6511536685866747,0.7253594710781088,0.010346055974773366,7.456773396877396,7.41525988044115,0.5224332849440486
0.735,0.0,0.7574161377144,0.6543440805307373,0.7271236662116621,0.00978764490496345,7.4532434592758285,7.411373664659402,0.5222683663447368
0.74,0.0,0.7584611316321784,0.6574757439081473,0.7288415959183353,0.009248938702890952,7.449711891551715,7.407492022889673,0.5220991832994722
0.745,0.0,0.7594751069487622,0.6605492393554179,0.7305141773635476,0.00872944831469169,7.446178699527689,7.4036149695535425,0.5219259002506684
0.75,0.0,0.7604588034139578,0.6635651591681077,0.7321423184941713,0.008228689468409683,7.442643891079518,7.399742516767603,0.5217486772708332
0.755,0.0,0.7614129480131624,0.6665241064716412,0.7337269178255004,0.007746182949553204,7.4391074760526426,7.395874674407507,0.5215676700796489
0.76,0.0,0.7623382550239963,0.6694266944162022,0.7352688642403573,0.00728145486734294,7.435569466179962,7.392011450172434,0.5213830300678891
0.765,0.0,0.7632354260802693,0.6722735453954672,0.7367690368002289,0.006834036910243979,7.432029875000923,7.38815284964984,0.5211949043276858
0.77,0.0,0.7641051502428644,0.6750652902889243,0.7382283045683122,0.006403466589592982,7.428488717781959,7.384298876380377,0.5210034356886766
0.775,0.0,0.7649481040771355,0.6778025677275061,0.7396475264443476,0.005989287470323873,7.424946011438335,7.380449531922865,0.5208087627595823
0.78,0.0,0.7657649517364313,0.6804860233822522,0.7410275510111,0.005591049388037117,7.421401774457441,7.376604815919208,0.5206110199747799
0.785,0.0,0.7665563450513733,0.6831163092756963,0.7423692163923453,0.005208308651796056,7.417856026823556,7.3727647261591605,0.5204103376454549
0.79,0.0,0.7673229236245269,0.6856940831156682,0.7436733501222061,0.004840628232190919,7.414308789944141,7.368929258644844,0.5202068420149341
0.795,0.0,0.7680653149301233,0.688220007651179,0.7449407690256687,0.004487577934386672,7.410760086577662,7.365098407654919,0.5200006553178153
0.8,0.0,0.7687841344184958,0.690694750050057,0.7461722791101064,0.004148734555958933,7.407209940762991,7.361272165808338,0.5197918958425292
0.805,0.0,0.7694799856249148,0.6931189812979843,0.7473686754676216,0.0038236820294704904,7.403658377750395,7.357450524127589,0.5195806779969836
0.81,0.0,0.770153460282513,0.6954933756185803,0.7485307421880094,0.0035120115498161464,7.400105423934127,7.353633472101365,0.5193671123769557
0.8150000000000001,0.0,0.7708051384390052,0.6978186099141677,0.7496592522821361,0.0032133216864825426,7.396551106786642,7.349820997746586,0.5191513058369158
0.8200000000000001,0.0,0.7714355885769216,0.7000953632268532,0.7507549676155169,0.0029272184809088497,7.392995454794445,7.346013087669705,0.5189333615629811
0.8250000000000001,0.0,0.7720453677370807,0.7023243162195457,0.7518186388518677,0.002653315529247177,7.3894384973955685,7.342209727127248,0.5187133791477097
0.8300000000000001,0.0,0.7726350216450422,0.7045061506765328,0.7528510054063993,0.0023912340508492475,7.385880264918707,7.338410900085519,0.5184914546664658
0.835,0.0,0.7732050848402895,0.7066415490232305,0.7538527954086114,0.002140602942867026,7.382320788523981,7.334616589279437,0.5182676807550982
0.84,0.0,0.7737560808079023,0.7087311938647202,0.7548247256743427,0.0019010588214128793,7.3787601001453575,7.330826776270439,0.5180421466886859
0.845,0.0,0.774288522112488,0.7107757675426802,0.7557675016868197,0.0016722460497276548,7.3751982324347,7.327041441503419,0.5178149384611247
0.85,0.0,0.7748029105341545,0.712775951710323,0.7566818175864491,0.0014538167538687974,7.37163521870746,7.323260564362659,0.5175861388653373
0.855,0.0,0.7752997372063104,0.7147324269249415,0.757568356169087,0.0012454308264434055,7.36807109288999,7.319484123226722,0.5173558275739032
0.86,0.0,0.7757794827550935,0.7166458722576735,0.758427788892519,0.0010467559189050457,7.36450588946848,7.315712095522266,0.517124081219919
0.865,0.0,0.7762426174402333,0.7185169649200888,0.7592607758908799,0.0008574674229992751,7.360939643439485,7.311944457776763,0.5168909734779108
0.87,0.0,0.7766896012971639,0.7203463799072052,0.7600679659967375,0.0006772484418916536,7.35737239026206,7.308181185670085,0.5166565751446321
0.875,0.0,0.7771208842802103,0.7221347896565424,0.7608499967705664,0.0005057897515659826,7.353804165811457,7.304422254084953,0.5164209542195936
0.88,0.0,0.7775369064066802,0.7238828637228213,0.7616074945373332,0.0003427897530482865,7.35023500633439,7.300667637156209,0.5161841759851793
0.885,0.0,0.7779380979017012,0.7255912684679194,0.7623410744299158,0.0001879544160411084,7.346664948405832,7.296917308318917,0.5159463030862192
0.89,0.0,0.7783248793436498,0.7272606667656971,0.763051340439078,4.099721450460947e-05,7.343094028887335,7.293171240355258,0.5157073956088926
0.895,0.0,0.7786976618100261,0.7288917177213079,0.7637388854697217,-9.83609452251677e-05,7.339522284886859,7.289429405440239,0.5154675111588511
0.9,0.0,0.7790568470236355,0.7304850764046134,0.7644042914031408,-0.0002303918032655894,7.335949753720063,7.285691775186169,0.5152267049384595
0.905,0.0,0.7794028274989456,0.7320413935973241,0.7650481291650004,-0.0003553598314023354,7.3323764728730625,7.2819583206859395,0.5149850298230558
0.91,0.0,0.779735986688491,0.7335613155534917,0.7656709587987695,-0.00047352232418551576,7.3288024799666145,7.278229012555068,0.5147425364361515
0.915,0.0,0.7800566991292083,0.7350454837729818,0.7662733295443358,-0.0005851294953840222,7.325227812721708,7.274503820972532,0.5144992732234882
0.92,0.0,0.7803653305885864,0.736494534787562,0.7668557799215366,-0.0006904245793191363,7.321652508926534,7.270782715720381,0.5142552865258869
0.925,0.0,0.7806622382105247,0.7379090999592415,0.7674188378183399,-0.0007896439365718474,7.318076606404817,7.267065666222132,0.5140106206508246
0.93,0.0,0.7809477706607977,0.7392898052905069,0.7679630205834171,-0.0008830171636420928,7.314500142985462,7.263352641579955,0.5137653179426855
0.935,0.0,0.7812222682720283,0.7406372712460997,0.7684888351228518,-0.0009707672060778397,7.310923156473519,7.259643610610654,0.5135194188516385
0.9400000000000001,0.0,0.7814860631880799,0.741952112585988,0.7689967780007313,-0.001053110474676086,7.307345684622406,7.255938541880454,0.5132729620010993
0.9450000000000001,0.0,0.7817394795077784,0.7432349382091921,0.7694873355433763,-0.0011302569643355936,7.303767765107381,7.252237403738599,0.5130259842537424
0.9500000000000001,0.0,0.7819828334278858,0.7444863510081224,0.769960983946967,-0.0012024103751768905,7.300189435500239,7.24854016434978,0.5127785207760331
0.9550000000000001,0.0,0.7822164333852455,0.7457069477331025,0.7704181893883286,-0.0012697682355642323,7.29661073324519,7.244846791725395,0.5125306051012558
0.96,0.0,0.782440580198029,0.7468973188667469,0.7708594081386473,-0.0013325220266755672,7.293031695635895,7.241157253753664,0.5122822691910178
0.965,0.0,0.7826555672060149,0.748058048507875,0.7712850866798903,-0.0013908573082796263,7.289452359793638,7.237471518228609,0.5120335434952171
0.97,0.0,0.7828616804098367,0.7491897142646453,0.7716956618237127,-0.001444953845437781,7.285872762646604,7.233789552877916,0.5117844570104615
0.975,0.0,0.7830591986091395,0.7502928871565998,0.772091560832638,-0.0014949857357953664,7.2822929409102155,7.230111325389695,0.5115350373369344
0.98,0.0,0.7832483935395899,0.7513681315253163,0.7724732015433046,-0.0015411215372136272,7.278712931068531,7.226436803438156,0.5112853107337062
0.985,0.0,0.7834295300086861,0.7524160049533696,0.7728409924915802,-0.0015835243954828715,7.27513276935665,7.222765954708219,0.5110353021724907
0.99,0.0,0.7836028660303205,0.7534370581913099,0.7731953330393484,-0.0016223521718624137,7.271552491744101,7.219098746919078,0.5107850353898539
0.995,0.0,0.783768652958049,0.754431835092373,0.7735366135027801,-0.0016577575702254113,7.267972133919204,7.215435147846737,0.5105345329378812
1.0,-3.0,0.7836271356170246,0.7554001225546414,0.7738652152819101,-0.0038534241218520643,7.264391733450839,7.211775123272904,0.5102838164181538
1.0050000000000001,-3.0,0.7831937924345578,0.7563410654453828,0.774179239278691,-0.00784812517091002,7.260811324873545,7.208118641673508,0.5100328757209265
1.01,-3.0,0.7824835613772667,0.7572532702868798,0.7744749582749457,-0.01331809001196432,7.257230935833931,7.204465677929363,0.5097816788682803
1.0150000000000001,-3.0,0.7815108550237383,0.7581348986060692,0.7747472154828579,-0.019974207033190996,7.253650584164426,7.200816216176007,0.5095301801461035
1.02,-3.0,0.7802895753038673,0.7589837507850842,0.7749897739298716,-0.027559356756764592,7.250070275763313,7.1971702518998635,0.5092783268531181
1.025,-3.0,0.7788331279097468,0.7597973411890093,0.7751956210540639,-0.0358458767705126,7.246490003172143,7.1935277933785375,0.5090260649584124
1.03,-3.0,0.7771544363830045,0.760572965290527,0.7753572326073168,-0.04463315915381723,7.24290974475278,7.189888862554225,0.5087733439072368
1.035,-3.0,0.775265955883493,0.7613077594583753,0.7754667996931764,-0.05374537986242471,7.23932946437647,7.186253495420958,0.508520120758866
1.04,-3.0,0.7731796866442502,0.7619987540274034,0.7755164225050787,-0.06302935860130089,7.235749111546401,7.182621741998733,0.5082663637870267
1.045,-3.0,0.7709071871176542,0.7626429202222543,0.7754982740793281,-0.07235254694579965,7.2321686218833605,7.178993665960461,0.508012055626807
1.05,-3.0,0.7684595868176938,0.7632372114641087,0.7754047371363298,-0.08160114184239066,7.228587917911339,7.175369343971114,0.5077571960141272
1.055,-3.0,0.7658475988632772,0.7637785995502756,0.7752285168534201,-0.09067832110994853,7.225006910086417,7.1717488647923675,0.5075018041353703
1.06,-3.0,0.763081532227491,0.7642641061595189,0.7749627321934122,-0.09950259715401134,7.221425498018107,7.168132328200485,0.5072459205852904
1.065,-3.0,0.760171303697712,0.7646908301016834,0.7746009882047458,-0.10800628478484044,7.217843571837572,7.164519843760036,0.5069896089199074
1.07,-3.0,0.7571264495514638,0.7650559706982558,0.7741374315118921,-0.11613407878288565,7.214261013671961,7.160911529491338,0.5067329567864917
1.075,-3.0,0.7539561369528869,0.7653568476508076,0.7735667910283223,-0.12384173667144391,7.210677699188449,7.157307510465158,0.5064760766135541
1.08,-3.0,0.7506691750746765,0.7655909177266639,0.7728844057487458,-0.13109486202629667,7.207093499175689,7.153707917354219,0.5062191058486001
1.085,-3.0,0.7472740259503168,0.7657557885654936,0.7720862413122522,-0.13786778356790602,7.203508281134102,7.1501128849674105,0.5059622067389887
1.09,-3.0,0.7437788150614149,0.7658492298866802,0.771168896873202,-0.14414252523665477,7.199921910849992,7.146522550789183,0.5057055656604235
1.095,-3.0,0.740191341664909,0.7658691823551937,0.7701296036719248,-0.1499078624401418,7.1963342539317425,7.142937053543575,0.5054493920074115
1.1,-3.0,0.7365190888648964,0.7658137643431302,0.7689662165621864,-0.15515845967929298,7.192745177289486,7.139356531799425,0.5051939166697009
1.105,-3.0,0.7327692334337925,0.7656812768049996,0.7676771996266519,-0.15989408480359146,7.1891545505425,7.135781122630771,0.5049393901276267
1.11,-3.0,0.7289486553874969,0.7654702064671384,0.7662616068948574,-0.16411889521227424,7.185562247341341,7.132210960344023,0.5046860802070428
1.115,-3.0,0.725063947319206,0.7651792275151934,0.7647190590701441,-0.16784079140562952,7.181968146594245,7.128646175281358,0.5044342695408147
1.12,-3.0,0.7211214234964742,0.7648072019483961,0.763049717072237,-0.17107083339664625,7.178372133589682,7.125086892707807,0.5041842527885302
1.125,-3.0,0.7171271287260819,0.7643531787552228,0.7612542531102963,-0.17382271561644597,7.1747741010091595,7.121533231787706,0.503936333669123
1.1300000000000001,-3.0,0.7130868469912283,0.7638163920519568,0.7593338199169385,-0.1761122960855266,7.171173949826321,7.117985304654594,0.5036908218625282
1.135,-3.0,0.7090061098655244,0.7631962583135514,0.757290018696538,-0.17795717577510126,7.167571590090246,7.114443215577178,0.5034480298363999
1.1400000000000001,-3.0,0.7048902047082133,0.7624923728149732,0.7551248662706875,-0.1793763242469723,7.163966941592473,7.110907060222689,0.5032082696524819
1.145,-3.0,0.7007441826450012,0.7617045053908278,0.7528407618396262,-0.1803897478346375,7.160359934418747,7.107376925017819,0.5029718498045964
1.1500000000000001,-3.0,0.6965728663388336,0.760832595611467,0.7504404537203541,-0.18101819681053535,7.156750509387753,7.1038528866063935,0.5027390721366125
1.155,-3.0,0.6923808575549034,0.7598767474649009,0.7479270063696535,-0.181282908172752,7.153138618380243,7.100335011402077,0.5025102288843672
1.16,-3.0,0.6881725445241258,0.7588372236256394,0.7453037679529615,-0.18120538087678606,7.149524224562905,7.096823355233608,0.5022855998805484
1.165,-3.0,0.6839521091092677,0.7577144393840132,0.7425743386776039,-0.18080718053235462,7.1459073025121125,7.093317963079437,0.5020654499561831
1.17,-3.0,0.6797235337778652,0.7565089563025342,0.7397425400709625,-0.18010977077954932,7.142287838243365,7.089818868888064,0.5018500265667972
1.175,-3.0,0.6754906083860105,0.7552214756594118,0.7368123853503454,-0.17913436875114747,7.138665829152708,7.086326095479928,0.5016395576656674
1.18,-3.0,0.6712569367770397,0.7538528317333957,0.7337880510013355,-0.17790182221690432,7.13504128387683,7.082839654526336,0.5014342498410145
1.185,-3.0,0.6670259431990958,0.7524039849786455,0.7306738496548835,-0.17643250618946366,7.131414222078777,7.0793595466006165,0.5012342867286068
1.19,-3.0,0.6628008785454899,0.7508760151332874,0.7274742043300864,-0.17474623694912766,7.127784674166385,7.075885761296477,0.5010398277061388
1.195,-3.0,0.6585848264217278,0.7492701143006862,0.7241936240891524,-0.17286220161459892,7.12415268095058,7.0724182774084055,0.5008510068710106
1.2,-3.0,0.6543807090430165,0.747587580038201,0.7208366811332451,-0.17079890154845218,7.120518293250664,7.068957063168862,0.5006679322988075
1.205,-3.0,0.6501912929660063,0.7458298084842838,0.7174079893524486,-0.1685741080385969,7.1168815714536,7.065502076536977,0.5004906855758975
1.21,-3.0,0.6460191946584738,0.7439982875511938,0.7139121843297862,-0.16620482883997817,7.113242585034116,7.062053265533493,0.5003193215961749
1.215,-3.0,0.6418668859105912,0.7420945902073113,0.7103539047878181,-0.16370728429401532,7.109601412042243,7.058610568616748,0.500153868609059
1.22,-3.0,0.6377366990913742,0.7401203678700272,0.7067377754566614,-0.1610968918666446,7.105958138564592,7.055173915094605,0.49999432850343645
1.225,-3.0,0.633630832253845,0.7380773439274311,0.7030683913341083,-0.15838825805952778,7.1023128581653765,7.051743225567347,0.4998406773102796
1.23,-3.0,0.6295513540923892,0.7359673074045069,0.6993503033017205,-0.15559517675312995,7.0986656713128236,7.0483184123967435,0.4996928659051768
1.235,-3.0,0.6255002087557322,0.7337921067872533,0.69558800505518,-0.15273063313533153,7.095016684796259,7.044899380196663,0.49955082089094216
1.24,-3.0,0.6214792205189035,0.731553644016054,0.691785921302649,-0.1498068124556049,7.091366011138753,7.041486026340809,0.49941444563979953
1.245,-3.0,0.6174900983175011,0.7292538686577285,0.6879483971813083,-0.14683511292277024,7.087713768009819,7.038078241483404,0.4992836214743302
1.25,-3.0,0.6135344401475149,0.7268947722639598,0.6840796888394876,-0.1438261621348736,7.084060077642264,7.034675910088845,0.499158208966393
1.2550000000000001,-3.0,0.6096137373339099,0.724478382922243,0.6801839551297806,-0.14078983649305166,7.08040506625687,7.031278910966624,0.4990380493335373
1.26,-3.0,0.6057293786711181,0.7220067600040699,0.676265250357152,-0.13773528310823596,7.076748863498217,7.027887117808058,0.49892296591299096
1.2650000000000001,-3.0,0.601882654438529,0.7194819891138003,0.6723275180252225,-0.13467094376058647,7.073091601884553,7.0245003997216084,0.49881276569408484
1.27,-3.0,0.5980747602940184,0.7169061772405083,0.6683745855235828,-0.13160458051741297,7.069433416274241,7.021118621763847,0.4987072408909284
1.2750000000000001,-3.0,0.5943068010484982,0.7142814481140655,0.6644101596990772,-0.12854330265639574,7.065774443350978,7.017741645463372,0.49860617053825323
1.28,-3.0,0.5905797943244152,0.7116099377657927,0.660437823254458,-0.1254935945778719,7.062114821129606,7.014369329335225,0.4985093220945503
1.285,-3.0,0.5868946741010769,0.7088937902931856,0.656461031918582,-0.12246134442317458,7.058454688484033,7.011001529383631,0.49841645303791815
1.29,-3.0,0.5832522941496245,0.7061351538274802,0.6524831123333764,-0.11945187314596672,7.054794184698476,7.007638099591091,0.49832731244138345
1.295,-3.0,0.5796534313604251,0.7033361767021776,0.6485072606040735,-0.11646996381064517,7.05113344904295,7.004278892392125,0.4982416425158261
1.3,-3.0,0.5760987889655974,0.7004990038200639,0.6445365414606935,-0.11351989091652515,7.04747262037365,7.000923759130181,0.498159180110019
1.305,-3.0,0.5725889996593385,0.6976257732157598,0.6405738879803965,-0.11060544956894569,7.043811836758682,6.9975725504964315,0.498079658158653
1.31,-3.0,0.5691246286186651,0.6947186128103934,0.6366221018220957,-0.10772998433899966,7.0401512351293,6.994225116949394,0.49800280707055056
1.315,-3.0,0.5657061764271304,0.6917796373546053,0.6326838539266124,-0.10489641767243985,7.036490950956698,6.9908813091145285,0.4979283560505532
1.32,-3.0,0.5623340819040308,0.6888109455557697,0.6287616856376234,-0.10210727772570244,7.032831117954141,6.9875409781631115,0.4978560343497991
1.325,-3.0,0.5590087248415629,0.6858146173850321,0.6248580102006844,-0.09936472552307807,7.029171867804138,6.984203976169905,0.49778557244026267
1.33,-3.0,0.5557304286523452,0.6827927115595366,0.6209751145997001,-0.0966705813439167,7.025513329910149,6.980870156449258,0.49771670311051663
1.335,-3.0,0.5524994629296666,0.6797472631950159,0.6171151616923163,-0.09402635026260009,7.021855631172271,6.977539373869476,0.49764916248067953
1.34,-3.0,0.549316045922778,0.6766802816237667,0.6132801926078383,-0.0914332467768284,7.018198895786174,6.974211485145379,0.4975826909354361
1.345,-3.0,0.5461803469294958,0.6735937483729068,0.6094721293734022,-0.08889221847169293,7.014543245064517,6.970886349109158,0.4975170339748518
1.35,-3.0,0.543092488608334,0.6704896152977213,0.6056927777362345,-0.08640396867806732,7.010888797279993,6.967563826959688,0.49745194298345535
1.355,-3.0,0.5400525492123437,0.667369802864841,0.6019438301519261,-0.08396897809406095,7.00723566752908,6.964243782490627,0.49738717591872844
1.36,-3.0,0.537060564746783,0.6642361985799536,0.598226868910696,-0.08158752534777863,7.003583967615539,6.96092608229767,0.49732249792072425
1.365,-3.0,0.5341165310527028,0.6610906555547369,0.5945433693756321,-0.07925970648827835,6.999933805952677,6.957610595965441,0.49725768184503927
1.37,-3.0,0.5312204058184846,0.6579349912077012,0.5908947033088544,-0.07698545339963758,6.996285287483346,6.9542971962345685,0.4971925087217894
1.375,-3.0,0.5283721105213225,0.654770986093653,0.5872821422634472,-0.07476455114024005,6.992638513616666,6.950985759149545,0.4971267681435939
1.3800000000000001,-3.0,0.5255715323006014,0.6516003828565271,0.5837068610208481,-0.07259665421601641,6.988993582180429,6.947676164188051,0.49706025858585695
1.385,-3.0,0.5228185257650758,0.6484248853003851,0.5801699410551475,-0.07048130180220818,6.985350587388166,6.944368294372432,0.4969927876628581
1.3900000000000001,-3.0,0.5201129147357145,0.6452461575734456,0.5766723740074553,-0.06841793193350576,6.981709619819858,6.941062036364082,0.49692417232332864
1.395,-3.0,0.5174544939260327,0.6420658234600816,0.5732150651551114,-0.0664058946870113,6.978070766415294,6.937757280541501,0.49685423898930076
1.4000000000000001,-3.0,0.5148430305616941,0.638885465775808,0.5697988368620638,-0.0644444643864493,6.974434110479095,6.934453921062826,0.49678282364208093
1.405,-3.0,0.5122782659411231,0.635706625860375,0.5664244319982026,-0.06253285085952165,6.970799731696458,6.931151855913641,0.4967097718592205
1.41,-3.0,0.5097599169388278,0.6325308031641814,0.5630925173168256,-0.060670209783120765,6.967167706158699,6.927850986940874,0.49663493880633924
1.415,-3.0,0.5072876774530962,0.6293594549233296,0.5598036867807146,-0.058855652153489535,6.963538106397708,6.9245512198736225,0.49655818918760863
1.42,-3.0,0.5048612197996887,0.6261939959187538,0.5565584648285247,-0.057088252920239335,6.9599110014284555,6.921252464331703,0.49647939715862466
1.425,-3.0,0.5024801960531118,0.6230357983149715,0.5533573095743362,-0.05536705882453952,6.956286456798749,6.917954633822754,0.49639844620529733
1.43,-3.0,0.5001442393370212,0.6198861915741225,0.5502006159342786,-0.053691095482739426,6.952664534645454,6.914657645728684,0.4963152289922642
1.435,-3.0,0.4978529650652656,0.6167464624410863,0.5470887186751281,-0.052059373757236405,6.949045293756446,6.911361421282255,0.496229647184196
1.44,-3.0,0.49560597213504554,0.6136178549955886,0.5440218953806882,-0.05047089545661376,6.945428789637591,6.908065885534571,0.4961416112432133
1.445,-3.0,0.49340284407362844,0.6105015707673358,0.5410003693326058,-0.0489246584069401,6.9418150745841025,6.904770967314226,0.49605104020547275
1.45,-3.0,0.4912431501400233,0.60739876891034,0.538024312303037,-0.047419660935698604,6.938204197755657,6.901476599178833,0.495957861439814
1.455,-3.0,0.4891264463829864,0.6043105664327253,0.5350938472572835,-0.0459549058091438,6.934596205254686,6.898182717359637,0.49586201039118816
1.46,-3.0,0.487052276656695,0.601238038478432,0.5322090509651467,-0.04452940366296393,6.930991140207308,6.894889261699897,0.4957634303114138
1.465,-3.0,0.48502017359539273,0.5981822186573605,0.5293699565203268,-0.04314217596504383,6.927389042846396,6.891596175587682,0.49566207197963463
1.47,-3.0,0.4830296595482793,0.5951440994206235,0.5265765557677001,-0.04179225754783367,6.923789950596319,6.888303405883701,0.4955578934146792
1.475,-3.0,0.4810802474758829,0.5921246324776983,0.5238288016387699,-0.040478698746464536,6.920193898158926,6.885010902844766,0.49545085958135415
1.48,-3.0,0.47917144180912563,0.5891247292523942,0.5211266103959881,-0.03920056717718745,6.916600917600373,6.881718620043448,0.49534094209253804
1.485,-3.0,0.4773027392722589,0.5861452613746702,0.5184698637870013,-0.037956949189154265,6.913011038438439,6.878426514284455,0.49522811890878143
1.49,-3.0,0.47547362967081774,0.5831870612054589,0.515858411110184,-0.03674695102087777,6.909424287729993,6.875134545518253,0.4951123740369654
1.495,-3.0,0.47368359664571197,0.5802509223917695,0.5132920711930868,-0.03556969969101281,6.905840690158317,6.871842676752382,0.49499369722942255
1.5,-3.0,0.4719321183945449,0.5773376004494558,0.510770634285657,-0.03442434365135266,6.90226026812,6.868550873960935,0.49487208368478364
1.5050000000000001,-3.0,0.47021866836122056,0.5744478133711529,0.5082938638702764,-0.03331005322824104,6.898683041811182,6.865259105992592,0.4947475337516795
1.51,-3.0,0.46854271589487345,0.5715822422569896,0.5058614983908191,-0.03222602087682838,6.8951090293128985,6.861967344477627,0.49462005263630193
1.5150000000000001,-3.0,0.4669037268791278,0.568741531965798,0.5034732529030577,-0.03117146127093054,6.89153824667535,6.858675563734224,0.4944896501147079
1.52,-3.0,0.4653011643326661,0.5659262917846427,0.5011288206488446,-0.03014561124957016,6.88797070800092,6.855383740674445,0.49435634025064223
1.5250000000000001,-3.0,0.4637344889820614,0.5631370961145965,0.49882787455656696,-0.029147729639650233,6.884406425525779,6.852091854710164,0.49422014111954793
1.53,-3.0,0.46220315980780124,0.5603744851707879,0.4965700686704252,-0.028177096972638288,6.880845409699955,6.848799887659239,0.4940810745393404
1.5350000000000001,-3.0,0.46070663456440786,0.5576389656948443,0.494355039511113,-0.027233015111629927,6.877287669265746,6.845507823652193,0.4939391658084303
1.54,-3.0,0.45924437027553267,0.5549310116779467,0.4921824073704895,-0.026314806803689333,6.873733211334386,6.842215649039629,0.4937944434513993
1.545,-3.0,0.4578158237048808,0.5522510650928062,0.4900517775428292,-0.025421815171006557,6.870182041460872,6.8389233523006,0.4936469389726585
1.55,-3.0,0.4564204518037976,0.5495995366329572,0.4879627414952158,-0.024553403153065756,6.866634163716895,6.8356309239521265,0.4934966866183487
1.555,-3.0,0.4550577121363255,0.5469768064578516,0.4859148779796177,-0.02370895291081576,6.863089580761815,6.832338356460032,0.4933437231466815
1.56,-3.0,0.453727063282518,0.5443832249423183,0.48390775408913816,-0.02288786520261546,6.859548293911642,6.82904564415125,0.4931880876068612
1.565,-3.0,0.45242796522077483,0.5418191134290343,0.48194092626088575,-0.022089558740691462,6.856010303205986,6.8257527831277445,0.49302982112667854
1.57,-3.0,0.4511598796899422,0.539284764982731,0.4800139412278511,-0.021313469535774288,6.852475607472969,6.822459771182152,0.4928689667088187
1.575,-3.0,0.44992227053189926,0.5367804451449311,0.4781263369221127,-0.020559050236661963,6.84894420439207,6.819166607715267,0.49270556903588725
1.58,-3.0,0.4487146040153329,0.5343063926880871,0.4762776433316247,-0.01982576947057399,6.845416090554915,6.815873293655438,0.4925396742841188
1.585,-3.0,0.44753634914138263,0.5318628203680608,0.4744673833127677,-0.01911311118935366,6.841891261524011,6.812579831379967,0.49237132994570126
1.59,-3.0,0.44638697793181675,0.5294499156739464,0.47269507336076627,-0.018420574025824227,6.838369711889433,6.809286224638565,0.49220058465962035
1.595,-3.0,0.44526596570038374,0.5270678415743095,0.47096022433999934,-0.01774767066395294,6.834851435323489,6.805992478478914,0.4920274880509029
1.6,-3.0,0.44417279130796206,0.5247167372589705,0.46926234217615087,-0.01709392722582878,6.831336424633375,6.802698599174379,0.4918520905781161
1.605,-3.0,0.4431069374021151,0.5223967188755233,0.46760092851206664,-0.016458882677932052,6.827824671811862,6.799404594153894,0.4916744433889601
1.61,-3.0,0.44206789064163876,0.5201078802598361,0.46597548132910444,-0.01584208825865044,6.824316168086029,6.796110471934047,0.49149459818377733
1.615,-3.0,0.44105514190667294,0.5178502936598347,0.4643854955356846,-0.015243106928559208,6.820810903964096,6.792816242053364,0.49131260708678454
1.62,-3.0,0.44006818649493007,0.5156240104519212,0.4628304635246689,-0.014661512844572538,6.817308869280382,6.78952191500881,0.49112852252482636
1.625,-3.0,0.4391065243045784,0.5134290618494306,0.4613098757011194,-0.01409689085871968,6.813810053238427,6.786227502194487,0.4909423971134368
1.6300000000000001,-3.0,0.4381696600043007,0.5112654596025763,0.4598232209819131,-0.013548836041992085,6.810314444452344,6.7829330158425325,0.490754283549989
1.635,-3.0,0.4372571031910334,0.5091331966893786,0.4583699872686132,-0.013016953233414563,6.8068220309864085,6.779638468966186,0.4905642345137082
1.6400000000000001,-3.0,0.4363683685358766,0.5070322479971169,0.4569496618949295,-0.012500856614287514,6.803332800392967,6.776343875305017,0.4903723025723168
1.645,-3.0,0.435502975918649,0.5049625709938852,0.45556173205002737,-0.012000169307294473,6.799846739748693,6.773049249272273,0.49017854009508066
1.6500000000000001,-3.0,0.43466045055154784,0.5029241063898708,0.45420568517888166,-0.01151452300005057,6.796363835689243,6.769754605904334,0.48998299917202087
1.655,-3.0,0.4338403230923605,0.5009167787880141,0.4528810093608061,-0.011043557592466835,6.79288407444236,6.766459960812211,0.489785731539057
1.6600000000000001,-3.0,0.4330421297476586,0.4989404973237422,0.4515871936672278,-0.010586920867219296,6.789407441859479,6.763165330135092,0.4895867885088477
1.665,-3.0,0.4322654123663937,0.49699515629350405,0.45032372849971813,-0.010144268182507701,6.785933923445881,6.759870730495839,0.4893862209070948
1.67,-3.0,0.4315097185242989,0.49508063577186673,0.4490901059092355,-0.009715262186185195,6.782463504389432,6.756576178958456,0.4891840790140814
1.675,-3.0,0.43077460159948944,0.4931968022169622,0.44788581989748233,-0.009299572550317006,6.778996169587988,6.7532816929874215,0.488980412511214
1.68,-3.0,0.43005962083964083,0.49134350906410484,0.44671036670122805,-0.00889687572514751,6.775531903675475,6.749987290408887,0.48877527043234537
1.685,-3.0,0.42936434142111296,0.4895205973074257,0.4455632450604023,-0.00850685471145668,6.772070691046719,6.7466929893736625,0.48856870111965617
1.69,-3.0,0.4286883345003746,0.48772789606939687,0.444443956470718,-0.008129198850240452,6.7686125158810695,6.743398808321953,0.48836075218387837
1.695,-3.0,0.4280311772580728,0.4859652231581426,0.4433520054215403,-0.0077636036286718585,6.76515736216485,6.740104765949793,0.48815147046864865
1.7,-3.0,0.4273924529360797,0.4842323856124586,0.44228689961967865,-0.007409770501278584,6.761705213712695,6.736810881177123,0.48794090201878393
1.705,-3.0,0.42677175086783736,0.4825291802344815,0.44124815019974034,-0.007067406725304731,6.758256054187809,6.733517173117466,0.4877290920522768
1.71,-3.0,0.4261686665023129,0.48085539410997163,0.44023527192164946,-0.006736225209235558,6.754809867121201,6.730223661049146,0.48751608493581416
1.715,-3.0,0.4255828014218628,0.4792108051161925,0.4392477833559017,-0.006415944373482321,6.751366635929924,6.726930364387994,0.487301924163627
1.72,-3.0,0.4250137633542977,0.4775951824173866,0.438285207057094,-0.006106288022276737,6.74792634393437,6.723637302661499,0.48708665233948656
1.725,-3.0,0.4244611661794274,0.4760082869478663,0.4373470697262397,-0.005806985225826927,6.744488974374663,6.720344495484347,0.48687031116166574
1.73,-3.0,0.4239246299303571,0.4744498718827543,0.43643290236235216,-0.005517770211859091,6.741054510426175,6.717051962535298,0.486652941410692
1.735,-3.0,0.42340378078979607,0.4729196830964211,0.4355422404037548,-0.005238382265677813,6.737622935214221,6.713759723535355,0.48643458293972364
1.74,-3.0,0.4228982510816312,0.4714174596086842,0.43467462385955147,-0.004968565637948036,6.7341942318279555,6.710467798227166,0.48621527466738645
1.745,-3.0,0.4224076792580093,0.46994293401884435,0.43382959743167004,-0.004708069459413072,6.7307683833335155,6.7071762063556255,0.48599505457291414
1.75,-3.0,0.4219317098821621,0.4684958329276468,0.43300671062786983,-0.004456647661845836,6.727345372786436,6.703884967649617,0.4857739596934419
1.7550000000000001,-3.0,0.4214699936072015,0.46707587734726785,0.43220551786608646,-0.004214058904534343,6.723925183243376,6.700594101804847,0.485552026123308
1.76,-3.0,0.4210221871511032,0.4656827830994364,0.4314255785704685,-0.003980066505673424,6.720507797773189,6.697303628467743,0.485329289015224
1.7650000000000001,-3.0,0.4205879532680889,0.4643162612018097,0.4306664572594441,-0.003754438378078165,6.71709319946736,6.694013567220347,0.4851057825831797
1.77,-3.0,0.42016696071661086,0.46297601824273266,0.42992772362614107,-0.00353694696864941,6.713681371449848,6.69072393756618,0.48488154010695556
1.7750000000000001,-3.0,0.41975888422413343,0.46166175674451687,0.4292089526114683,-0.003327369201100036,6.710272296886356,6.687434758917024,0.48465659393811883
1.78,-3.0,0.4193634044489006,0.4603731755153836,0.4285097244701547,-0.003125486421467802,6.706865958993058,6.684146050580592,0.4844309755073874
1.7850000000000001,-3.0,0.41898020793887025,0.45910996999022236,0.4278296248300276,-0.002931084345984311,6.7034623410448075,6.680857831749031,0.4842047153332486
1.79,-3.0,0.4186089870879903,0.45787183256032166,0.42716824474480336,-0.0027439530109141796,6.700061426382856,6.677570121488229,0.4839778430317266
1.795,-3.0,0.418249440089984,0.4566584528922352,0.42652518074064905,-0.002563886724001152,6.696663198422099,6.674282938727889,0.4837503873271968
1.8,-3.0,0.417901270889806,0.45546951823595133,0.4259000348567677,-0.0023906840172113336,6.693267640657881,6.670996302252335,0.48352237606415044
1.805,-3.0,0.41756418913292503,0.4543047137225383,0.42529241468024664,-0.0022241476004752417,6.689874736672371,6.667710230691999,0.48329383621981736
1.81,-3.0,0.4172379101125818,0.4531637226514416,0.42470193337540263,-0.002064084316175198,6.686484470140536,6.6644247425155845,0.4830647939175599
1.815,-3.0,0.4169221547151657,0.45204622676761397,0.42412820970784687,-0.0019103050941535193,6.683096824835738,6.661139856022841,0.4828352744409549
1.82,-3.0,0.41661664936384823,0.45095190652865963,0.4235708680634874,-0.0017626249070345143,6.679711784634954,6.65785558933795,0.4826053022484863
1.825,-3.0,0.41632112596060555,0.4498804413621806,0.42302953846267727,-0.0016208627256879826,6.6763293335236575,6.654571960403459,0.48237490098877306
1.83,-3.0,0.4160353218267565,0.4488315099135109,0.4225038565697111,-0.0014848414746892538,6.672949455600375,6.651288986974768,0.482144093516264
1.835,-3.0,0.41575897964213854,0.44780479028402975,0.4219934636978661,-0.0013543879876261183,6.669572135080918,6.648006686615114,0.4819129019073327
1.84,-3.0,0.41549184738303774,0.44679996026024427,0.42149800681017674,-0.001229332962173986,6.666197356302324,6.644725076691041,0.48168134747671065
1.845,-3.0,0.41523367825898555,0.4458166975338342,0.42101713851612754,-0.0011095109148206994,6.66282510372652,6.641444174368327,0.4814494507942008
1.85,-3.0,0.4149842306485288,0.4448546799128518,0.420550517064442,-0.0009947601351878999,6.659455361943708,6.638163996608334,0.48121723170161645
1.855,-3.0,0.4147432680340761,0.44391358552427074,0.4200978063321411,-0.0008849226398837673,6.656088115675506,6.63488456016478,0.48098470932989446
1.86,-3.0,0.4145105589359187,0.4429930930080769,0.4196586758100386,-0.0007798441258456065,6.652723349777835,6.631605881580878,0.48075190211633484
1.865,-3.0,0.4142858768455205,0.442092881703096,0.41923280058483725,-0.0006793739231445023,6.649361049243588,6.628327977186854,0.48051882782192246
1.87,-3.0,0.4140690001581657,0.44121263182475096,0.4188198613179843,-0.0005833649472340718,6.646001199205073,6.625050863097795,0.4802855035486884
1.875,-3.0,0.4138597121050522,0.4403520246349411,0.41841954422143945,-0.000491673650639006,6.642643784936252,6.621774555211829,0.4800519457570734
1.8800000000000001,-3.0,0.41365780068491026,0.43951074260423717,0.41803154103050566,-0.0004041599740805188,6.639288791854781,6.618499069208601,0.47981817028325685
1.885,-3.0,0.41346305859522753,0.43868846956658114,0.41765554897386853,-0.00032068729705559545,6.635936205523866,6.615224420548042,0.4795841923564183
1.8900000000000001,-3.0,0.41327528316315276,0.43788489086668214,0.4172912707409847,-0.0002411223878849844,6.632586011653936,6.611950624469398,0.47935002661590115
1.895,-3.0,0.4130942762761512,0.4370996935002967,0.4169384144469575,-0.00016533535325709975,6.629238196104153,6.608677695990519,0.4791156871282504
1.9000000000000001,-3.0,0.4129198443124788,0.43633256624758027,0.416596693595033,-9.319958729530481e-05,6.625892744883755,6.60540564990738,0.4788811874040985
1.905,-3.0,0.41275179807154005,0.43558319979969534,0.416265827036846,-2.4591720185693222e-05,6.622549644153254,6.6021345007938255,0.4786465404148759
1.9100000000000001,-3.0,0.412589952704191,0.43485128687886015,0.4159455389305427,4.060843359587896e-05,6.61920888022548,6.598864263001522,0.47841175860932494
1.915,-3.0,0.41243412764304604,0.434136522352019,0.4156355586969017,0.00010251792741653235,6.615870439566497,6.595594950660101,0.4781768539297976
1.92,-3.0,0.4122841465328439,0.43343860333831397,0.4153356209735727,0.00016125073493310563,6.6125343087963815,6.592326577677492,0.47794183782831967
1.925,-3.0,0.41213983716092556,0.432757229310536,0.415045465567548,0.00021691780280280043,6.609200474689875,6.589059157740417,0.4777067212824057
1.93,-3.0,0.4120010313878744,0.4320921021907292,0.4147648374059794,0.0002696271036190731,6.605868924176926,6.585792704315044,0.4774715148106107
1.935,-3.0,0.4118675650783655,0.4314429264401221,0.41449348648544787,0.0003194836890131267,6.60253964434311,6.582527230647795,0.477236228487806
1.94,-3.0,0.4117392780322694,0.43080940914355614,0.4142311678197928,0.0003665897428742418,6.599212622429948,6.579262749766281,0.4770008719601693
1.945,-3.0,0.41161601391605224,0.430191260088578,0.41397764138660204,0.00041104463464115837,6.595887845835126,6.575999274480373,0.4767654544598782
1.95,-3.0,0.41149762019451314,0.4295881918393625,0.4137326720724614,0.0004529449726158215,6.592565302112607,6.572736817383386,0.47652998481950026
1.955,-3.0,0.41138394806289535,0.42899991980562735,0.4134960296170602,0.0004923846572425644,6.589244978972664,6.5694753908533725,0.4762944714860724
1.96,-3.0,0.41127485237940814,0.4284261623067002,0.41326748855624473,0.0005294549343131116,6.585926864281812,6.566215007054523,0.476058922534864
1.965,-3.0,0.4111701915981918,0.4278666406308945,0.4130468281641094,0.000564244448043684,6.582610946062671,6.5629556779386515,0.47582334568281925
1.97,-3.0,0.4110698277027577,0.42732107909034905,0.4128338323942125,0.0005968392939810149,6.579297212493735,6.559697415246775,0.47558774830167566
1.975,-3.0,0.4109736261399331,0.4267892050714821,0.41262828981999944,0.0006273230716891051,6.575985651909079,6.556440230510764,0.47535213743075533
1.98,-3.0,0.41088145575433777,0.426270749081209,0.4124299935745152,0.0006557769371767462,6.572676252797982,6.553184135055075,0.4751165197894287
1.985,-3.0,0.41079318872341875,0.4257654447890687,0.41223874128948274,0.0006822796550270162,6.569369003804491,6.549929139998542,0.4748809017892489
1.99,-3.0,0.41070870049306696,0.42527302906540243,0.4120543350338234,0.000706907650170889,6.566063893726917,6.5466752562562345,0.4746452895457576
1.995,-3.0,0.4106278697138383,0.4247932420157239,0.4118765812516906,0.0007297350592985197,6.562760911517266,6.543422494541364,0.4744096888899622
2.0,-3.0,0.4105505781778,0.42432582701141836,0.4117052907000874,0.000750833781836633,6.559460046280616,6.540170865367247,0.47417410537948695
2.005,0.0,0.41077671075602135,0.4238712807169049,0.411540278386134,0.002731350627552618,6.556161286116981,6.536920380276127,0.47393854440221816
2.0100000000000002,0.0,0.41129091533672685,0.4234307381383923,0.41138342263500177,0.00636027870349958,6.552864620226853,6.53367104959985,0.47370299239805885
2.015,0.0,0.41207837695612765,0.4230058689147754,0.411238272403332,0.011356974227859272,6.549570040594015,6.530422880684002,0.4734674219538797
2.02,0.0,0.4131248027929935,0.42259878394821565,0.4111096990595265,0.017469054882464516,6.546277543295352,6.527175876518545,0.4732317961354488
2.025,0.0,0.41441640749578174,0.42221195153718083,0.4110035889990165,0.024470383120246082,6.542987129484092,6.523930034722613,0.4729960722274014
2.0300000000000002,0.0,0.4159398988374339,0.4218481222355001,0.41092657366822216,0.03215913702031847,6.539698806089856,6.520685346835584,0.4727602050362945
2.035,0.0,0.4176824636929335,0.42151026171763106,0.4108857937726511,0.04035597026985343,6.536412586275767,6.5174417978706565,0.47252414988229635
2.04,0.0,0.4196317543347038,0.4212014909830916,0.41088869464151645,0.04890226199210689,6.533128489689778,6.514199366091203,0.4722878653703028
2.045,0.0,0.4217758750409178,0.42092503328215064,0.41094284991262636,0.05765845641019363,6.529846542544125,6.5109580229739095,0.47205131599673267
2.05,0.0,0.42410336901178836,0.42068416719062784,0.41105581088652793,0.06650249171839147,6.5265667775535725,6.507717733326372,0.47181447461735543
2.055,0.0,0.42660320558890596,0.4204821853042531,0.4112349790775202,0.07532831701272742,6.523289233759824,6.504478455530267,0.47157732477613823
2.06,0.0,0.42926476777269656,0.42032235806268686,0.41148749966085457,0.08404449569825345,6.520013956266218,6.5012401418844386,0.4713398628760522
2.065,0.0,0.4320778400330795,0.42020790225020327,0.41182017367997625,0.09257289343124174,6.516740995903698,6.498002739025348,0.4711021001600831
2.07,0.0,0.4350325964084168,0.4201419537543636,0.4122393870348879,0.10084744836068721,6.513470408846019,6.494766188405165,0.47086406446387286
2.075,0.0,0.4381195888878605,0.42012754419594156,0.41275105442255333,0.1088130211962702,6.510202256189351,6.491530426810462,0.47062580169970153
2.08,0.0,0.44132973607222176,0.42016758107305247,0.41336057654270014,0.1164243224410255,6.506936603508817,6.488295386906911,0.47038737703397676
2.085,0.0,0.44465431210850714,0.4202648310900409,0.41407280901745935,0.12364491397929249,6.503673520402163,6.485060997797621,0.4701488757260564
2.09,0.0,0.44808493589329146,0.42042190636733867,0.4148920416010808,0.13044628209765874,6.500413080028652,6.481827185584798,0.4699104036041437
2.095,0.0,0.4516135605401219,0.4206412532523386,0.4158219863765997,0.1368069789333596,6.497155358649419,6.478593873926225,0.46967208716330194
2.1,0.0,0.45523246310617876,0.4209251434734731,0.4168657737499432,0.14271182928648013,6.493900435173966,6.475360984579699,0.4694340732805744
2.105,0.0,0.45893423457344784,0.4212756674002441,0.41802595515872193,0.14815119969597867,6.4906483907161405,6.472128437930009,0.4691965285521392
2.11,0.0,0.4627117700796947,0.4216947291910366,0.41930451151303005,0.15312032666227848,6.487399308161823,6.468896153494281,0.4689596382668629
2.115,0.0,0.46655825939456547,0.42218404362825873,0.420702866479178,0.15761870089896293,6.484153271749721,6.465664050402627,0.4687236050391628
2.12,0.0,0.470467177636177,0.4227451344567784,0.4222219038046048,0.16164950451152227,6.480910366665938,6.462432047851973,0.4684886471314754
2.125,0.0,0.47443227622359907,0.4233793340568632,0.42386198796348873,0.16521909803090798,6.4776706786525216,6.459200065531711,0.46825499650267954
2.13,0.0,0.4784475740606711,0.424087784296949,0.4256229874780129,0.16833655427303254,6.474434293629812,6.455968024020512,0.46802289662347063
2.1350000000000002,0.0,0.48250734894664105,0.42487143842465047,0.4275043003400833,0.17101323605145657,6.471201297332213,6.452735845154143,0.4677926001028981
2.14,0.0,0.48660612920915514,0.425731063866543,0.42950488102277834,0.17326241483857308,6.4679717749568795,6.449503452364593,0.4675643661721237
2.145,0.0,0.49073868555517625,0.42666724581846793,0.43162326863017353,0.175098927549753,6.4647458108247715,6.446270770991148,0.46733845807201735
2.15,0.0,0.4949000231354521,0.4276803915184928,0.43385761578867893,0.1765388687142659,6.461523488053587,6.443037728564299,0.467115140390603
2.1550000000000002,0.0,0.49908537381820584,0.42877073510426444,0.4362057179329042,0.17759931539524798,6.458304888242145,6.439804255063568,0.46689467639474935
2.16,0.0,0.5032901886677673,0.4299383429653677,0.43866504268457207,0.17829808232739006,6.455090091165917,6.436570283150473,0.4666773253980168
2.165,0.0,0.5075101306239165,0.431183119509507,0.44123275906439274,0.17865350485408743,6.45187917448354,6.433335748377899,0.4664633402033901
2.17,0.0,0.511741067377759,0.432504813268903,0.443905766314337,0.1786842473642086,6.448672213454293,6.430100589377205,0.46625296465589844
2.1750000000000003,0.0,0.5159790644400073,0.4339030232802872,0.4466807221416529,0.1784091350509434,6.445469280666646,6.426864748024392,0.46604643133600676
2.18,0.0,0.5202203783975912,0.43537720567832616,0.44955407022650684,0.1778470069400529,6.442270445778165,6.423628169586609,0.46584395942028783
2.185,0.0,0.5244614503545777,0.4369266804482519,0.45252206686252827,0.17701658826083355,6.439075775267128,6.420390802850254,0.465645752731389
2.19,0.0,0.5286988995534313,0.438550638288948,0.4555808066240391,0.17593638035892029,6.435885332196346,6.417152600231853,0.4654519979947971
2.195,0.0,0.5329295171726994,0.4402481475427839,0.45872624697557035,0.17462456647448515,6.432699175989763,6.4139135178728175,0.4652628633154813
2.2,0.0,0.537150260297266,0.4420181611531224,0.46195423175863326,0.17309893183128106,6.429517362222446,6.41067351571912,0.46507849688323505
2.205,0.0,0.5413582460573665,0.44385952361468767,0.4652605135078218,0.17137679660040583,6.4263399424246375,6.40743255758684,0.4648990259115171
2.21,0.0,0.545550745932616,0.4457709778858912,0.4686407745633793,0.16947496041669896,6.423166963900534,6.404190611214438,0.4647245558108544
2.215,0.0,0.549725180217357,0.4477511722358031,0.47209064696054376,0.16740965723475093,6.4199984695624694,6.400947648302557,0.46455516959445975
2.22,0.0,0.5538791126436869,0.4497986670017435,0.47560573108747556,0.16519651941494512,6.41683449778112,6.397703644542062,0.46439092751066036
2.225,0.0,0.5580102451585855,0.45191194123648193,0.47918161311352486,0.16285055002745602,6.413675082252326,6.39445857963096,0.46423186689404605
2.23,0.0,0.5621164128516123,0.4540893992267844,0.48281388119816815,0.16038610245341417,6.410520251881048,6.39121243728079,0.46407800222493345
2.235,0.0,0.5661955790297064,0.45632937686756386,0.48649814049827467,0.15781686644736737,6.407370030682885,6.387965205212993,0.46392932538480536
2.24,0.0,0.5702458304356721,0.4586301478781857,0.4902300269975825,0.15515585990374758,6.404224437703521,6.38471687514576,0.46378580609381204
2.245,0.0,0.574265372606991,0.4609899298495673,0.4940052201874865,0.1524154256423521,6.401083486956318,6.381467442771775,0.46364739251519993
2.25,0.0,0.5782525253716583,0.46340689011261604,0.49781945463257854,0.149607232594063,6.397947187378222,6.378216907727245,0.46351401201064435
2.255,0.0,0.5822057184777949,0.4658791514202728,0.5016685304579291,0.14674228082840035,6.394815542803987,6.374965273552621,0.4633855720298826
2.2600000000000002,0.0,0.5861234873538425,0.46840479743699787,0.505548322797947,0.14383090991931552,6.3916885519586435,6.371712547645322,0.4632619611177502
2.265,0.0,0.5900044689962045,0.47098187803094843,0.5094547902488826,0.14088281019526416,6.3885662084680055,6.368458741204813,0.4631430500216829
2.27,0.0,0.5938473979812515,0.4736084143653797,0.5133839823687208,0.13790703646439123,6.385448500886906,6.365203869170363,0.4630286928829426
2.275,0.0,0.5976511025986612,0.476282403786951,0.5173320462694058,0.13491202384598527,6.382335412744753,6.361947950151793,0.4629187284952169
2.2800000000000002,0.0,0.6014145011031214,0.47900182450965567,0.5212952323471121,0.13190560537567148,6.379226922607876,6.358691006353521,0.46281298161480944
2.285,0.0,0.6051365980814762,0.48176464009401937,0.5252698991966723,0.12889503108443,6.37612300415806,6.355433063492242,0.46271126430735465
2.29,0.0,0.6088164809324481,0.4845688037220428,0.5292525177563429,0.12588698828084577,6.373023626286564,6.352174150708538,0.462613377316822
2.295,0.0,0.6124533164561254,0.48741226226909906,0.5332396747288708,0.12288762279241161,6.369928753202847,6.348914300472755,0.462519111443505
2.3000000000000003,0.0,0.616046347550454,0.49029296017465307,0.5372280753243612,0.11990256094548801,6.366838344557159,6.345653548485482,0.4624282489186926
2.305,0.0,0.6195948900120257,0.4932088431142451,0.541214545369759,0.11693693208504952,6.363752355576086,6.342391933572968,0.4623405647647707
2.31,0.0,0.6230983294385093,0.49615786147568863,0.5451960328288911,0.1139953914548309,6.360670737210094,6.339129497577822,0.46225582813058447
2.315,0.0,0.6265561182301178,0.4991379736428739,0.5491696087759855,0.11108214327626253,6.357593436292086,6.335866285245364,0.4621738035929882
2.32,0.0,0.6299677726875619,0.5021471490909523,0.5531324678644157,0.1082009638808053,6.354520395705932,6.332602344105989,0.4620942524166002
2.325,0.0,0.6333328702039837,0.5051833712970054,0.5570819283311366,0.10535522476515935,6.351451554563942,6.3293377243539055,0.4620169337648565
2.33,0.0,0.6366510465484212,0.5082446404705818,0.5610154315759024,0.10254791545262543,6.3483868483922095,6.326072478722656,0.4619416058565053
2.335,0.0,0.639921993238398,0.5113289761087201,0.5649305413528988,0.09978166605652095,6.345326209322779,6.322806662357767,0.46186802706268937
2.34,0.0,0.6431454549992853,0.5144344193802709,0.5688249426109018,0.09705876945347658,6.3422695662915745,6.3195403326869455,0.4617959569407276
2.345,0.0,0.6463212273081289,0.5175590353444863,0.5726964400165119,0.094381202985373,6.339216845241056,6.316273549288201,0.4617251572016121
2.35,0.0,0.6494491540196837,0.5207009150089682,0.5765429561934068,0.09175064961903928,6.336167969326577,6.31300637375628,0.4616553926090864
2.355,0.0,0.6525291250724451,0.5238581772321605,0.5803625297089322,0.08916851850248636,6.333122859125449,6.3097388695677985,0.461586431808956
2.36,0.0,0.6555610742725104,0.5270289704756346,0.5841533128377127,0.0866359648654601,6.330081432847766,6.306471101945474,0.4615180480880031
2.365,0.0,0.6585449771531545,0.530211474411455,0.5879135691303244,0.0841539092206483,6.327043606548039,6.30320313772181,0.4614500200625318
2.37,0.0,0.6614808489080438,0.5334039013899349,0.5916416708134397,0.08172305582976314,6.324009294336788,6.299935045202629,0.46138213229715697
2.375,0.0,0.6643687423960623,0.5366044977730821,0.5953360960462324,0.07934391040621203,6.320978408591234,6.296666894030797,0.4613141758549753
2.38,0.0,0.6672087462157629,0.5398115451390212,0.5989954260562406,0.07701679703299258,6.317950860164309,6.293398755050512,0.4612459487807097
2.3850000000000002,0.0,0.6700009828475059,0.5430233613626376,0.6026183421763126,0.07474187428087675,6.314926558591252,6.2901307001724795,0.46117725651881825
2.39,0.0,0.6727456068613837,0.5462383015776393,0.6062036228027313,0.07251915051797919,6.311905412293091,6.28686280224032,0.4611079122688928
2.395,0.0,0.6754428031890786,0.5494547590251694,0.6097501402931171,0.07034849840726592,6.308887328776396,6.283595134898506,0.46103773728095054
2.4,0.0,0.6780927854578375,0.5526711657940282,0.6132568578212637,0.06822966859362889,6.305872214828714,6.280327772462145,0.4609665610934502
2.4050000000000002,0.0,0.6806957943847921,0.555885993457478,0.6167228262046566,0.0661623025867406,6.302859976709159,6.277060789788874,0.4608942217170391
2.41,0.0,0.6832520962298911,0.5590977536115139,0.6201471807190777,0.06414594485006009,6.299850520333699,6.273794262153148,0.4608205657671695
2.415,0.0,0.6857619813057514,0.5623049983193817,0.6235291379134043,0.06218005411003813,6.296843751454709,6.270528265123153,0.4607454485488108
2.42,0.0,0.688225762542774,0.5655063204670213,0.6268679924364682,0.0602640139029047,6.293839575834432,6.2672628744405925,0.46066873409653486
2.4250000000000003,0.0,0.6906437741079112,0.5687003540339991,0.6301631138866659,0.058397142379248645,6.290837899412027,6.2639981659035415,0.46059029517327077
2.43,0.0,0.6930163700755053,0.5718857742843829,0.633413943693883,0.0565787013891102,6.287838628463948,6.260734215252579,0.46051001323100904
2.435,0.0,0.6953439231486592,0.5750612978818891,0.6366199920422374,0.054807904872377966,6.284841669757416,6.257471098060353,0.4604277783366983
2.44,0.0,0.6976268234296366,0.578225682933514,0.639780834841143,0.05308392658103728,6.281846930696823,6.254208889624762,0.460343489066512
2.445,0.0,0.6998654772378213,0.5813777289657371,0.6428961107512537,0.051405907161196696,6.278854319462936,6.250947664865854,0.4602570523715828
2.45,0.0,0.7020603059738066,0.5845162768372582,0.6459655182709647,0.0497729606238696,6.275863745144792,6.247687498226606,0.4601683834181999
2.455,0.0,0.7042117450282136,0.5876402085921044,0.648988812888324,0.048184180234306706,6.27287511786425,6.244428463577647,0.46007740540535425
2.46,0.0,0.7063202427338776,0.5907484472568205,0.651965804302443,0.0466386438501023,6.269888348893156,6.241170634126033,0.45998404936239146
2.465,0.0,0.7083862593600714,0.5938399565853232,0.6548963537177821,0.04513541873857613,6.266903350763159,6.237914082328136,0.4598882539293997
2.47,0.0,0.7104102661474674,0.5969137407548809,0.6577803712140351,0.04367356590390897,6.2639200373681945,6.234658879806693,0.4597899651228216
2.475,0.0,0.7123927443825756,0.599968844016552,0.6606178131937323,0.04225214395432442,6.260938324059724,6.231405097272059,0.4596891360886367
2.48,0.0,0.7143341845104223,0.6030043503032908,0.6634086799091321,0.040870212539171724,6.2579581277348115,6.228152804447688,0.4595857268453146
2.485,0.0,0.7162350852842684,0.6060193827988081,0.6661530130694696,0.03952683538526219,6.254979366917163,6.224902069999831,0.4594797040185944
2.49,0.0,0.7180959529511948,0.6090131034701546,0.6688508935291728,0.038221082961040015,6.252001961831258,6.221652961471474,0.4593710405699991
2.495,0.0,0.7199173004724139,0.6119847125668721,0.6715024390572516,0.03695203479639317,6.249025834469738,6.218405545220468,0.4592597155208519
2.5,0.0,0.721699646777194,0.6149334480894437,0.6741078021876916,0.03571878148494381,6.246050908654205,6.215159886361842,0.45914571367341783
2.505,0.0,0.7234435160493135,0.6178585852296579,0.6766671681503603,0.03452042639465672,6.243077110089632,6.21191604871425,0.45902902533066114
2.5100000000000002,0.0,0.7251494370449875,0.6207594357853888,0.6791807528816398,0.0333560871114951,6.240104366412574,6.208674094750498,0.4589096460159716
2.515,0.0,0.7268179424412418,0.6236353475521864,0.6816488011137489,0.03222489663973502,6.2371326072333755,6.205434085552094,0.4587875761940895
2.52,0.0,0.7284495682137304,0.6264857036939581,0.6840715845414906,0.031126004381362676,6.234161764172604,6.202196080767747,0.4586628209943344
2.525,0.0,0.7300448530430236,0.6293099220949252,0.6864494000649737,0.030058576915772323,6.231191770891915,6.198960138575751,0.45853538993712795
2.5300000000000002,0.0,0.7316043377484177,0.6321074546949293,0.6887825681066906,0.029021798599767223,6.228222563119582,6.195726315650151,0.45840529666468915
2.535,0.0,0.7331285647483434,0.6348777868100667,0.6910714310012003,0.02801487200665953,6.225254078670913,6.192494667130613,0.4582725586766791
2.54,0.0,0.7346180775464741,0.6376204364405312,0.6933163514555479,0.02703701822204757,6.222286257463787,6.189265246595898,0.4581371970714714
2.545,0.0,0.7360734202426611,0.6403349535674547,0.6955177110784668,0.026087477012667476,6.219319041529536,6.186038106040844,0.4579992362936352
2.5500000000000003,0.0,0.7374951370678446,0.6430209194404368,0.6976759089763345,0.025165506883534,6.216352375019413,6.182813295856736,0.45785870388813166
2.555,0.0,0.7388837719421147,0.6456779458573749,0.6997913604138032,0.02427038503746992,6.213386204206863,6.17959086481498,0.4577156302616449
2.56,0.0,0.7402398680551177,0.6483056744381135,0.7018644955369904,0.023401407250005196,6.21042047748583,6.176370860053942,0.45757004845139654
2.565,0.0,0.7415639674680263,0.650903775893353,0.7038957581570919,0.02255788767158276,6.207455145365331,6.173153327068862,0.4574219939017239
2.57,0.0,0.7428566107363151,0.653471949290176,0.7058856045922745,0.021739158567966987,6.204490160460505,6.169938309704704,0.4572715042486413
2.575,0.0,0.7441183365526004,0.6560099213154728,0.7078345025657057,0.020944570008824076,6.201525477480362,6.166725850151845,0.45711861911254636
2.58,0.0,0.7453496814088294,0.6585174455384732,0.7097429301575977,0.020173489513460763,6.198561053212443,6.163515988944478,0.45696337989918145
2.585,0.0,0.7465511792771198,0.6609943016735202,0.7116113748091587,0.019425301661894823,6.195596846504598,6.160308764961592,0.4568058296089153
2.59,0.0,0.747723361308574,0.6634402948441502,0.7134403323763822,0.0186994076785727,6.19263281824408,6.157104215430452,0.4566460126543654
2.595,0.0,0.7488667555494086,0.6658552548494804,0.7152303062316386,0.017995224995285858,6.189668931334159,6.1539023759324065,0.4564839746863452
2.6,0.0,0.749981886673762,0.6682390354338382,0.7169818064110792,0.017312186799110757,6.186705150668435,6.150703280410957,0.45631976242808686
2.605,0.0,0.7510692757325587,0.6705915135605071,0.7186953488059078,0.016649741570550713,6.183741443103041,6.147506961181931,0.456153423517658
2.61,0.0,0.7521294399178294,0.6729125886904023,0.7203714543956312,0.01600735261638203,6.1807777774269095,6.144313448945673,0.455985006358467
2.615,0.0,0.7531628923419025,0.6752021820664368,0.7220106485214511,0.015384497601189956,6.177814124330276,6.141122772801114,0.4558145599777265
2.62,0.0,0.7541701418308984,0.677460236004279,0.7236134601980198,0.014780668081001785,6.174850456371579,6.137934960261633,0.4556421338927244
2.625,0.0,0.7551516927319797,0.6796867131901562,0.7251804214618395,0.01419536904196042,6.171886747942912,6.13475003727258,0.455467777984735
2.63,0.0,0.7561080447338213,0.6818815959863048,0.7267120667546478,0.013628118446528864,6.168922975234186,6.131568028230357,0.45529154238038766
2.6350000000000002,0.0,0.7570396926997839,0.6840448857446223,0.7282089323401905,0.013078446789307918,6.165959116196141,6.128388956002964,0.4551134773402979
2.64,0.0,0.7579471265132884,0.6861766021290298,0.7296715557528453,0.012545896664193534,6.1629951505023355,6.125212841951885,0.45493363315475466
2.645,0.0,0.7588308309349072,0.6882767824470111,0.7311004752766219,0.012030022344255653,6.1600310595102625,6.122039705955235,0.45475206004625063
2.65,0.0,0.7596912854706971,0.6903454809907535,0.732496229453123,0.011530389375421307,6.157066826221698,6.118869566432052,0.45456880807863426
2.6550000000000002,0.0,0.7605289642513209,0.6923827683882732,0.7338593566171113,0.011046574184805882,6.154102435242408,6.115702440367656,0.4543839270726582
2.66,0.0,0.7613443359215124,0.694388730964874,0.735190394458388,0.010578163704256016,6.151137872741331,6.112538343339968,0.45419746652769455
2.665,0.0,0.7621378635394572,0.6963634701152511,0.7364898796087411,0.010124755009495917,6.148173126409324,6.109377289546705,0.45400947554938603
2.67,0.0,0.7629100044856733,0.6983071016865166,0.7377583472527854,0.009685954975065247,6.145208185417592,6.106219291833372,0.4538200027829999
2.6750000000000003,0.0,0.7636612103809899,0.7002197553723917,0.7389963307615619,0.009261379945102566,6.142243040375878,6.103064361721956,0.45362909635225235
2.68,0.0,0.7643919270132359,0.7021015741187814,0.7402043613478245,0.008850655419846087,6.139277683290515,6.099912509440251,0.45343680380337215
2.685,0.0,0.765102594272259,0.7039527135409158,0.7413829677419882,0.00845341575764784,6.136312107522405,6.096763743951731,0.45324317205417286
2.69,0.0,0.7657936460929132,0.7057733413522168,0.7425326758877645,0.008069303892175514,6.133346307745032,6.093618072985901,0.4530482473479074
2.695,0.0,0.7664655104056604,0.7075636368050213,0.7436540086565554,0.007697971064407935,6.130380279902539,6.0904755030690545,0.45285207521167964
2.7,0.0,0.7671186090944456,0.709323790143269,0.7447474855797243,0.00733907656894231,6.127414021167986,6.087336039555366,0.45265470041919365
2.705,0.0,0.767753357961516,0.7110540020672375,0.7458136225979028,0.006992287514086246,6.124447529901808,6.0841996866582555,0.45245616695762325
2.71,0.0,0.7683701666988637,0.7127544832103881,0.7468529318265387,0.006657278595178173,6.121480805610556,6.0810664474819704,0.4522565179983911
2.715,0.0,0.7689694388659849,0.7144254536283627,0.7478659213369216,0.006333731880517932,6.118513848905974,6.077936324053309,0.45205579587165023
2.72,0.0,0.7695515718736573,0.7160671423001531,0.7488530949519714,0.006021336609299641,6.11554666146445,6.074809317353446,0.451854042044266
2.725,0.0,0.7701169569734472,0.7176797866414477,0.7498149520560985,0.005719789000895245,6.112579245986898,6.0716854273497995,0.45165129710110363
2.73,0.0,0.7706659792526688,0.7192636320301409,0.7507519874184894,0.005428792074853861,6.109611606159111,6.068564653027887,0.4514476007294299
2.735,0.0,0.7711990176345271,0.7208189313439757,0.7516646910291942,0.005148055480972705,6.106643746612619,6.065446992423126,0.45124299170624493
2.74,0.0,0.7717164448831849,0.722345944510275,0.7525535479474309,0.004877295338786364,6.1036756728860935,6.0623324426525285,0.45103750788836566
2.745,0.0,0.7722186276135032,0.7238449380677026,0.7534190381615439,0.004616234085870474,6.100707391387328,6.059220999946262,0.4508311862050883
2.75,0.0,0.772705926305215,0.725316184739981,0.7542616364600847,0.004364600334320165,6.097738909355819,6.056112659679012,0.4506240626532631
2.755,0.0,0.7731786953212969,0.726759963021485,0.7550818123135083,0.004122128734822622,6.094770234825984,6.053007416401131,0.45041617229462166
2.7600000000000002,0.0,0.7736372829303176,0.7281765567746107,0.7558800297660013,0.003888559847736353,6.0918013765910315,6.04990526386953,0.4502075492552016
2.765,0.0,0.7740820313325432,0.7295662548388187,0.756656747336982,0.003663640020642872,6.088832344167502,6.046806195078269,0.4499982267267214
2.77,0.0,0.7745132766895914,0.7309293506512327,0.7574124179318343,0.0034471212718026056,6.085863147760505,6.04371020228884,0.4497882369697621
2.775,0.0,0.7749313491574354,0.7322661418786708,0.7581474887614571,0.003238761179062008,6.0828937982296685,6.040617277060089,0.4495776113186209
2.7800000000000002,0.0,0.7753365729225614,0.7335769300609749,0.7588624012702285,0.0030383227736928003,6.0799243070558004,6.037527410277765,0.44936638018770486
2.785,0.0,0.775729266241093,0.7348620202654988,0.7595575910720062,0.0028455744387301876,6.076954686308293,6.034440592183672,0.4491545730793413
2.79,0.0,0.7761097414807051,0.7361217207526084,0.7602334878937975,0.0026602898113917556,6.073984948613262,6.031356812404386,0.4489422185928855
2.795,0.0,0.776478305165152,0.7373563426520384,0.7608905155267525,0.002482247689165877,6.071015107122447,6.02827605997954,0.44872934443501217
2.8000000000000003,0.0,0.7768352580212445,0.7385661996499484,0.7615290917841447,0.00231123193922142,6.068045175482855,6.025198323389638,0.4485159774310831
2.805,0.0,0.7771808950281154,0.7397516076865128,0.7621496284660239,0.002147031410779536,6.065075167807171,6.022123590583391,0.448302143537489
2.81,0.0,0.7775155054686202,0.7409128846638761,0.76275253133023,0.001989439850145318,6.062105098644936,6.019051849004556,0.44808786785486654
2.815,0.0,0.777839372982725,0.7420503501643001,0.763338200069481,0.001838255818099925,6.059134982954475,6.015983085618267,0.4478731746421006
2.82,0.0,0.7781527756227383,0.7431643251783279,0.7639070282942481,0.001693282609389904,6.056164836075609,6.012917286936844,0.44765808733102225
2.825,0.0,0.7784559859102528,0.7442551318427827,0.7644594035211512,0.0015543281740827974,6.053194673703105,6.0098544390450686,0.4474426285417213
2.83,0.0,0.7787492708946633,0.7453230931884217,0.7649957071666148,0.0014212050405562893,6.050224511860911,6.006794527624916,0.44722682009839465
2.835,0.0,0.7790328922131375,0.7463685328970586,0.7655163145455339,0.0012937302399239833,6.0472543668771275,6.003737537979739,0.44701068304565755
2.84,0.0,0.7793071061519176,0.7473917750679689,0.7660215948747106,0.001171725231739723,6.044284255359741,6.000683455057895,0.44679423766524806
2.845,0.0,0.7795721637088371,0.7483931439933904,0.7665119112808304,0.0010550158307917057,6.041314194173099,5.997632263475808,0.4465775034930602
2.85,0.0,0.7798283106569436,0.7493729639429286,0.7669876208127565,0.0009434321348834179,6.0383442004151275,5.994583947540467,0.4463604993364446
2.855,0.0,0.7800757876091191,0.7503315589566785,0.767449074457926,0.0008368084534491199,6.035374291395277,5.991538491271354,0.4461432432917196
2.86,0.0,0.7803148300835986,0.7512692526468706,0.7678966171626439,0.0007349832369167655,6.032404484613195,5.988495878421793,0.44592575276183954
2.865,0.0,0.7805456685702872,0.7521863680078521,0.7683305878560743,0.0006377990067135825,6.029434797738112,5.985456092499738,0.44570804447417045
2.87,0.0,0.7807685285977851,0.7530832272342103,0.7687513194777374,0.0005451022858498564,6.0264652485889405,5.982419116787971,0.44549013449832686
2.875,0.0,0.78098363080103,0.7539601515468497,0.7691591390083263,0.0004567435300110445,6.0234958551150575,5.97938493436374,0.44527203826402667
2.88,0.0,0.7811911909894718,0.7548174610268318,0.7695543675036663,0.0003725770590985514,6.020526635377785,5.976353528117819,0.44505377057892426
2.8850000000000002,0.0,0.7813914202156999,0.7556554744567878,0.7699373201316428,0.0002924609891848118,6.017557607532542,5.973324880772999,0.44483534564638494
2.89,0.0,0.781584524844444,0.7564745091697174,0.7703083062119312,0.00021625716485768054,6.014588789811656,5.9702989749020094,0.4446167770831669
2.895,0.0,0.7817707066218753,0.7572748809049843,0.7706676292583695,0.0001438310919032182,6.011620200507836,5.967275792944879,0.44439807793697916
2.9,0.0,0.7819501627451376,0.7580569036713249,0.771015587023816,7.505187033942165e-05,6.008651857958277,5.96425531722574,0.4441792607038875
2.9050000000000002,0.0,0.7821230859320407,0.7588208896166834,0.7713524715473438,9.792127779083976e-06,6.005683780529403,5.961237529969069,0.4439603373455414
2.91,0.0,0.782289664490853,0.7595671489046913,0.7716785692036267,-5.20720468814434e-05,6.002715986602216,5.958222413315388,0.4437413193061989
2.915,0.0,0.782450082390132,0.7602959895976121,0.7719941607543764,-0.00011066116944268359,5.999748494558257,5.95520994933642,0.44352221752952803
2.92,0.0,0.782604519328535,0.7610077175455682,0.7722995214016968,-0.00016609242604491078,5.996781322766155,5.952200120049704,0.44330304247516444
2.9250000000000003,0.0,0.782753150804555,0.7617026362818761,0.7725949208432231,-0.0002184797384613621,5.993814489568753,5.949192907432684,0.44308380413500914
2.93,0.0,0.7828961481861303,0.7623810469243137,0.7728806233289232,-0.0002679338290246247,5.990848013270805,5.946188293436274,0.4428645120492498
2.935,0.0,0.7830336787800779,0.7630432480821471,0.773156887719436,-0.00031456228517267107,5.987881912127214,5.94318625999791,0.4426451753220929
2.94,0.0,0.7831659059013041,0.763689535768745,0.7734239675458335,-0.00035846962358880574,5.984916204331826,5.940186789054093,0.44242580263719367
2.945,0.0,0.7832929889417479,0.7643202033196156,0.7736821110706903,-0.0003997573539211291,5.981950908006732,5.937189862552432,0.44220640227277475
2.95,0.0,0.7834150834390162,0.7649355413156976,0.7739315613503537,-0.0004385240420387883,5.978986041192097,5.9341954624632,0.4419869821164235
2.955,0.0,0.7835323411446699,0.7655358375117439,0.7741725562983097,-0.00047486537282787414,5.9760216218364794,5.931203570790407,0.44176754967956117
2.96,0.0,0.7836449100921251,0.7661213767696365,0.7744053287495424,-0.0005088742124738921,5.973057667787647,5.928214169582402,0.4415481121115776
2.965,0.0,0.7837529346641339,0.7666924409964762,0.7746301065257899,-0.0005406406702240241,5.970094196783858,5.925227240942009,0.4413286762136265
2.97,0.0,0.7838565556598109,0.7672493090872902,0.774847112501605,-0.0005702521595812617,5.967131226445605,5.922242767036212,0.44110924845207766
2.975,0.0,0.7839559103611763,0.7677922568722074,0.7750565646711276,-0.0005977934589370196,5.96416877426781,5.919260730105396,0.44088983497162304
2.98,0.0,0.7840511325991844,0.7683215570679505,0.7752586762154852,-0.0006233467715740966,5.961206857612452,5.9162811124721495,0.4406704416080355
2.985,0.0,0.7841423528192127,0.7688374792334973,0.7754536555707359,-0.0006469917850501876,5.958245493701621,5.913303896549649,0.4404510739005788
2.99,0.0,0.7842296981459843,0.7693402897297708,0.7756417064962765,-0.0006688057299207607,5.9552846996109725,5.910329064849621,0.4402317371040699
2.995,0.0,0.7843132924479005,0.7698302516832122,0.7758230281436371,-0.0006888634377726528,5.952324492263594,5.907356599989906,0.4400124362005929
